collisions,steps,timestamp
1.0,3.0,1551359739.0817528
1.0,4.0,1551359739.1119826
1.0,6.0,1551359739.1379335
1.0,14.0,1551359739.2103395
1.0,20.0,1551359739.2700486
1.0,28.0,1551359739.3338068
1.0,34.0,1551359739.3878036
1.0,35.0,1551359739.4027452
2.0,36.0,1551359739.4113872
2.0,38.0,1551359739.4352982
1.0,40.0,1551359739.4564924
2.0,41.0,1551359739.473633
1.0,42.0,1551359739.4861014
2.0,43.0,1551359739.5015228
4.0,44.0,1551359739.5095289
3.0,45.0,1551359739.5180075
2.0,46.0,1551359739.5275896
2.0,47.0,1551359739.5416996
2.0,48.0,1551359739.5509653
2.0,49.0,1551359739.567835
2.0,50.0,1551359739.5758934
3.0,51.0,1551359739.5842
2.0,52.0,1551359739.5929096
2.0,53.0,1551359739.6009488
2.0,54.0,1551359739.6098275
2.0,55.0,1551359739.6244652
2.0,56.0,1551359739.6347995
2.0,57.0,1551359739.6440864
2.0,58.0,1551359739.6524038
2.0,59.0,1551359739.6651053
1.0,65.0,1551359739.7615361
1.0,70.0,1551359739.855201
1.0,92.0,1551359740.3167682
1.0,129.0,1551359741.1622086
1.0,139.0,1551359741.3473132
1.0,153.0,1551359741.5857294
1.0,175.0,1551359741.9418871
1.0,176.0,1551359741.959362
1.0,177.0,1551359741.9785573
1.0,178.0,1551359741.9960408
2.0,182.0,1551359742.0693944
1.0,200.0,1551359742.3574708
1.0,211.0,1551359742.5098863
1.0,213.0,1551359742.5392406
1.0,218.0,1551359742.6108842
1.0,219.0,1551359742.6258764
1.0,223.0,1551359742.679968
1.0,231.0,1551359742.7951171
1.0,235.0,1551359742.8507626
1.0,241.0,1551359742.9504232
1.0,244.0,1551359742.9902709
1.0,246.0,1551359743.0205956
1.0,250.0,1551359743.0745146
1.0,253.0,1551359743.122323
1.0,254.0,1551359743.1401262
1.0,256.0,1551359743.1664557
1.0,259.0,1551359743.2044928
1.0,261.0,1551359743.2221012
1.0,262.0,1551359743.2324803
1.0,263.0,1551359743.242689
1.0,273.0,1551359743.337176
1.0,274.0,1551359743.346921
1.0,277.0,1551359743.3864384
2.0,278.0,1551359743.4050803
1.0,279.0,1551359743.4191024
2.0,280.0,1551359743.4288998
1.0,281.0,1551359743.4405262
1.0,282.0,1551359743.4537728
1.0,287.0,1551359743.5133166
1.0,289.0,1551359743.5362446
1.0,294.0,1551359743.5940676
1.0,306.0,1551359743.724432
1.0,307.0,1551359743.7361991
1.0,315.0,1551359743.8242815
1.0,324.0,1551359743.901741
2.0,328.0,1551359743.9336534
1.0,329.0,1551359743.942225
3.0,331.0,1551359743.9605486
2.0,333.0,1551359743.9770904
1.0,334.0,1551359743.9900403
2.0,336.0,1551359744.0115702
2.0,338.0,1551359744.0266151
1.0,340.0,1551359744.0426667
1.0,341.0,1551359744.0561316
1.0,343.0,1551359744.0743449
1.0,346.0,1551359744.1036987
1.0,350.0,1551359744.163798
1.0,353.0,1551359744.2134588
1.0,357.0,1551359744.2877152
1.0,361.0,1551359744.369859
1.0,362.0,1551359744.3897061
1.0,371.0,1551359744.543831
1.0,375.0,1551359744.6078923
1.0,378.0,1551359744.653727
1.0,388.0,1551359744.7996864
1.0,390.0,1551359744.829369
1.0,395.0,1551359744.901799
1.0,401.0,1551359744.9885788
1.0,409.0,1551359745.122023
1.0,410.0,1551359745.137877
2.0,413.0,1551359745.1783605
1.0,415.0,1551359745.2072878
1.0,417.0,1551359745.2412443
2.0,423.0,1551359745.3404315
1.0,468.0,1551359746.1083522
1.0,469.0,1551359746.125131
1.0,470.0,1551359746.1396618
1.0,471.0,1551359746.155649
1.0,472.0,1551359746.1717496
1.0,473.0,1551359746.1874578
2.0,474.0,1551359746.2060976
1.0,475.0,1551359746.2214766
2.0,476.0,1551359746.2358642
2.0,477.0,1551359746.2464283
2.0,478.0,1551359746.2618737
1.0,479.0,1551359746.273002
1.0,480.0,1551359746.288115
1.0,481.0,1551359746.3018317
1.0,482.0,1551359746.3129544
1.0,483.0,1551359746.3246434
1.0,484.0,1551359746.3358998
1.0,485.0,1551359746.3457477
2.0,486.0,1551359746.3587518
1.0,487.0,1551359746.3702776
1.0,488.0,1551359746.383884
2.0,489.0,1551359746.395669
1.0,490.0,1551359746.4076405
1.0,491.0,1551359746.4189508
1.0,492.0,1551359746.43602
1.0,493.0,1551359746.4471142
2.0,494.0,1551359746.461078
1.0,495.0,1551359746.474001
1.0,496.0,1551359746.4856434
2.0,497.0,1551359746.4960263
2.0,498.0,1551359746.5069654
4.0,499.0,1551359746.5240214
2.0,500.0,1551359746.5358212
2.0,501.0,1551359746.545946
2.0,502.0,1551359746.5577621
4.0,503.0,1551359746.5703077
2.0,504.0,1551359746.5839512
2.0,505.0,1551359746.5940604
2.0,506.0,1551359746.6064472
3.0,507.0,1551359746.618295
1.0,508.0,1551359746.635012
1.0,515.0,1551359746.7578063
1.0,521.0,1551359746.8513126
1.0,523.0,1551359746.8809521
1.0,526.0,1551359746.9233541
2.0,527.0,1551359746.9376442
1.0,537.0,1551359747.1070037
1.0,562.0,1551359747.5229423
1.0,572.0,1551359747.6908748
1.0,573.0,1551359747.7045498
1.0,589.0,1551359747.8562052
1.0,592.0,1551359747.883058
1.0,593.0,1551359747.8918774
1.0,594.0,1551359747.8998976
1.0,595.0,1551359747.9081852
1.0,599.0,1551359747.9394803
1.0,602.0,1551359747.9642138
1.0,603.0,1551359747.9770339
1.0,604.0,1551359747.986256
1.0,606.0,1551359748.0046377
1.0,608.0,1551359748.0259495
1.0,610.0,1551359748.0481768
1.0,611.0,1551359748.058831
2.0,612.0,1551359748.0671651
1.0,613.0,1551359748.0749135
1.0,614.0,1551359748.0828505
2.0,615.0,1551359748.090846
1.0,616.0,1551359748.0991545
1.0,617.0,1551359748.107924
1.0,618.0,1551359748.115417
1.0,619.0,1551359748.1258087
1.0,620.0,1551359748.1374326
1.0,621.0,1551359748.1503952
1.0,622.0,1551359748.1616216
1.0,623.0,1551359748.173466
2.0,624.0,1551359748.1880689
2.0,625.0,1551359748.2034469
1.0,626.0,1551359748.2222795
1.0,629.0,1551359748.2760248
1.0,630.0,1551359748.2971897
1.0,631.0,1551359748.3151567
1.0,632.0,1551359748.3326595
1.0,633.0,1551359748.3499982
1.0,634.0,1551359748.365007
1.0,635.0,1551359748.3786268
1.0,636.0,1551359748.3923168
1.0,637.0,1551359748.406569
1.0,638.0,1551359748.4222972
1.0,639.0,1551359748.4375963
2.0,640.0,1551359748.4531212
1.0,641.0,1551359748.4721372
2.0,642.0,1551359748.4895768
1.0,643.0,1551359748.5081508
1.0,644.0,1551359748.525458
1.0,646.0,1551359748.560531
1.0,655.0,1551359748.698905
1.0,657.0,1551359748.73112
1.0,658.0,1551359748.7447972
1.0,659.0,1551359748.7582152
1.0,660.0,1551359748.771773
1.0,661.0,1551359748.7886605
1.0,662.0,1551359748.804207
1.0,663.0,1551359748.8201249
2.0,664.0,1551359748.836862
1.0,665.0,1551359748.8532577
1.0,666.0,1551359748.8698194
1.0,667.0,1551359748.886409
1.0,668.0,1551359748.9042776
1.0,669.0,1551359748.9201796
1.0,670.0,1551359748.9371622
1.0,671.0,1551359748.9539156
1.0,673.0,1551359748.98935
1.0,675.0,1551359749.0215333
1.0,676.0,1551359749.0372705
1.0,677.0,1551359749.054344
1.0,688.0,1551359749.1974132
1.0,690.0,1551359749.231264
1.0,692.0,1551359749.2700515
1.0,699.0,1551359749.3966115
1.0,705.0,1551359749.5006697
1.0,707.0,1551359749.5328481
1.0,708.0,1551359749.5507514
1.0,711.0,1551359749.5994937
1.0,712.0,1551359749.615506
1.0,715.0,1551359749.6622467
1.0,728.0,1551359749.8750055
1.0,737.0,1551359750.0252974
1.0,749.0,1551359750.2240462
1.0,757.0,1551359750.355268
1.0,760.0,1551359750.4128547
1.0,774.0,1551359750.631475
1.0,779.0,1551359750.68532
1.0,781.0,1551359750.7079575
2.0,784.0,1551359750.7303998
1.0,785.0,1551359750.7399201
1.0,786.0,1551359750.748212
1.0,787.0,1551359750.7585971
1.0,791.0,1551359750.809595
1.0,795.0,1551359750.853963
1.0,796.0,1551359750.866245
1.0,802.0,1551359750.9331996
1.0,803.0,1551359750.9523685
1.0,807.0,1551359750.9997706
1.0,808.0,1551359751.01145
1.0,809.0,1551359751.022329
1.0,815.0,1551359751.0924802
1.0,817.0,1551359751.1173124
1.0,818.0,1551359751.1287868
1.0,819.0,1551359751.1413047
1.0,820.0,1551359751.1553957
1.0,826.0,1551359751.242126
1.0,827.0,1551359751.2568738
1.0,828.0,1551359751.2711318
1.0,829.0,1551359751.287291
2.0,830.0,1551359751.3027022
1.0,831.0,1551359751.318738
1.0,832.0,1551359751.3351932
1.0,833.0,1551359751.3520975
1.0,834.0,1551359751.3685458
1.0,835.0,1551359751.386202
1.0,836.0,1551359751.4032104
1.0,840.0,1551359751.4634595
1.0,852.0,1551359751.6235106
1.0,853.0,1551359751.6378186
1.0,868.0,1551359751.8478954
1.0,877.0,1551359751.9639587
1.0,882.0,1551359752.0368087
1.0,887.0,1551359752.1074224
1.0,901.0,1551359752.2911081
1.0,910.0,1551359752.4082298
1.0,912.0,1551359752.4365742
1.0,919.0,1551359752.5262904
1.0,920.0,1551359752.538291
1.0,921.0,1551359752.5503807
1.0,927.0,1551359752.620773
1.0,928.0,1551359752.632782
1.0,929.0,1551359752.644935
2.0,931.0,1551359752.6668646
1.0,932.0,1551359752.676759
1.0,934.0,1551359752.6990633
2.0,935.0,1551359752.7092671
1.0,941.0,1551359752.782399
1.0,942.0,1551359752.7930555
1.0,943.0,1551359752.8046482
1.0,945.0,1551359752.825832
1.0,948.0,1551359752.8652735
2.0,953.0,1551359752.9179952
2.0,955.0,1551359752.9413893
1.0,956.0,1551359752.953314
1.0,960.0,1551359752.994223
1.0,961.0,1551359753.0050278
1.0,962.0,1551359753.0169127
1.0,964.0,1551359753.0514498
1.0,971.0,1551359753.1714056
1.0,979.0,1551359753.3085287
1.0,984.0,1551359753.392551
1.0,992.0,1551359753.5391078
1.0,995.0,1551359753.5885756
1.0,999.0,1551359753.6500301
1.0,1005.0,1551359753.7614005
1.0,1017.0,1551359753.9805052
1.0,1040.0,1551359754.387559
1.0,1041.0,1551359754.3993294
1.0,1042.0,1551359754.4166546
1.0,1043.0,1551359754.4297247
1.0,1044.0,1551359754.4417045
1.0,1045.0,1551359754.4529667
2.0,1046.0,1551359754.4656024
1.0,1047.0,1551359754.4765153
1.0,1048.0,1551359754.4882643
2.0,1049.0,1551359754.4991899
1.0,1050.0,1551359754.5105288
1.0,1051.0,1551359754.5234733
1.0,1052.0,1551359754.5359569
3.0,1053.0,1551359754.548645
2.0,1054.0,1551359754.5610094
1.0,1055.0,1551359754.5739634
1.0,1056.0,1551359754.5867052
1.0,1057.0,1551359754.5987983
1.0,1058.0,1551359754.6145153
1.0,1059.0,1551359754.6252258
2.0,1060.0,1551359754.6372895
2.0,1061.0,1551359754.6484318
2.0,1062.0,1551359754.6599548
2.0,1064.0,1551359754.6867292
1.0,1065.0,1551359754.7015405
1.0,1066.0,1551359754.7156246
1.0,1074.0,1551359754.8029168
2.0,1075.0,1551359754.8154247
1.0,1076.0,1551359754.8274693
2.0,1077.0,1551359754.8385577
1.0,1079.0,1551359754.8610651
1.0,1082.0,1551359754.9019427
1.0,1086.0,1551359754.9701128
1.0,1102.0,1551359755.2371788
1.0,1110.0,1551359755.3512633
1.0,1114.0,1551359755.4016743
1.0,1115.0,1551359755.417353
1.0,1119.0,1551359755.4739661
1.0,1130.0,1551359755.6391213
1.0,1133.0,1551359755.683687
1.0,1134.0,1551359755.700333
1.0,1147.0,1551359755.8804493
1.0,1149.0,1551359755.908092
1.0,1150.0,1551359755.920346
1.0,1151.0,1551359755.9316654
1.0,1152.0,1551359755.9399142
1.0,1153.0,1551359755.9488256
1.0,1154.0,1551359755.9627442
1.0,1155.0,1551359755.9714713
1.0,1156.0,1551359755.979632
1.0,1157.0,1551359755.988243
1.0,1160.0,1551359756.0115185
1.0,1161.0,1551359756.0205917
1.0,1162.0,1551359756.0303733
1.0,1163.0,1551359756.039574
1.0,1164.0,1551359756.0473623
1.0,1165.0,1551359756.0560591
1.0,1166.0,1551359756.0640733
2.0,1167.0,1551359756.0723224
1.0,1168.0,1551359756.0807185
2.0,1169.0,1551359756.0956218
4.0,1170.0,1551359756.1070955
2.0,1171.0,1551359756.116117
1.0,1172.0,1551359756.1288655
1.0,1173.0,1551359756.136971
1.0,1174.0,1551359756.1456773
2.0,1175.0,1551359756.1566474
1.0,1176.0,1551359756.1667824
1.0,1177.0,1551359756.1779184
2.0,1178.0,1551359756.187296
1.0,1179.0,1551359756.1953049
1.0,1180.0,1551359756.2047973
1.0,1181.0,1551359756.213074
2.0,1182.0,1551359756.2218666
1.0,1183.0,1551359756.236754
1.0,1184.0,1551359756.2450368
2.0,1185.0,1551359756.2552407
1.0,1186.0,1551359756.2632678
1.0,1191.0,1551359756.3069882
1.0,1193.0,1551359756.3248389
1.0,1196.0,1551359756.3468988
1.0,1201.0,1551359756.3862357
1.0,1203.0,1551359756.4032445
1.0,1204.0,1551359756.4146874
1.0,1205.0,1551359756.4250166
1.0,1206.0,1551359756.4360394
3.0,1207.0,1551359756.447993
1.0,1208.0,1551359756.4630847
1.0,1209.0,1551359756.4757051
1.0,1210.0,1551359756.4877613
1.0,1211.0,1551359756.4986753
1.0,1212.0,1551359756.5155656
1.0,1213.0,1551359756.5257022
3.0,1214.0,1551359756.5372589
2.0,1215.0,1551359756.5484734
1.0,1218.0,1551359756.6018791
1.0,1219.0,1551359756.6173165
1.0,1229.0,1551359756.755564
1.0,1233.0,1551359756.8194487
1.0,1235.0,1551359756.8612375
1.0,1239.0,1551359756.9485579
1.0,1279.0,1551359757.7438824
1.0,1284.0,1551359757.8544211
1.0,1289.0,1551359757.9261613
1.0,1290.0,1551359757.938026
1.0,1292.0,1551359757.9615169
1.0,1293.0,1551359757.9718492
1.0,1296.0,1551359758.0064807
1.0,1299.0,1551359758.0471632
1.0,1302.0,1551359758.0859776
2.0,1305.0,1551359758.121691
2.0,1306.0,1551359758.1333551
1.0,1307.0,1551359758.1468449
2.0,1313.0,1551359758.2149036
1.0,1314.0,1551359758.2332904
1.0,1317.0,1551359758.2735336
1.0,1322.0,1551359758.341506
1.0,1328.0,1551359758.4352582
1.0,1337.0,1551359758.5878577
1.0,1345.0,1551359758.7192905
1.0,1358.0,1551359758.9613051
1.0,1372.0,1551359759.2182105
1.0,1386.0,1551359759.457811
1.0,1391.0,1551359759.529569
1.0,1394.0,1551359759.567013
1.0,1407.0,1551359759.7396743
1.0,1409.0,1551359759.763419
1.0,1412.0,1551359759.8056815
2.0,1413.0,1551359759.8191977
1.0,1414.0,1551359759.8319569
1.0,1415.0,1551359759.84603
1.0,1416.0,1551359759.8582695
1.0,1417.0,1551359759.8690042
2.0,1418.0,1551359759.8857834
1.0,1419.0,1551359759.8972356
1.0,1420.0,1551359759.9128122
1.0,1421.0,1551359759.9257321
1.0,1422.0,1551359759.9368517
3.0,1423.0,1551359759.9489334
1.0,1424.0,1551359759.9631777
1.0,1425.0,1551359759.9748054
2.0,1426.0,1551359759.9864955
2.0,1427.0,1551359759.9994705
1.0,1428.0,1551359760.0127158
1.0,1429.0,1551359760.0239506
1.0,1430.0,1551359760.03603
1.0,1431.0,1551359760.0475316
1.0,1432.0,1551359760.0595028
1.0,1437.0,1551359760.1171427
1.0,1443.0,1551359760.1843967
1.0,1448.0,1551359760.2420774
1.0,1449.0,1551359760.2534199
1.0,1450.0,1551359760.2799947
1.0,1451.0,1551359760.2968485
2.0,1456.0,1551359760.3662114
1.0,1458.0,1551359760.398347
1.0,1463.0,1551359760.4674392
1.0,1464.0,1551359760.488983
1.0,1479.0,1551359760.7191074
2.0,1480.0,1551359760.729903
1.0,1482.0,1551359760.7517636
1.0,1491.0,1551359760.8467815
1.0,1497.0,1551359760.9138699
1.0,1499.0,1551359760.9378328
2.0,1502.0,1551359760.974874
1.0,1503.0,1551359760.9861095
2.0,1505.0,1551359761.0128055
2.0,1506.0,1551359761.0252612
1.0,1511.0,1551359761.0827475
1.0,1512.0,1551359761.0960817
2.0,1513.0,1551359761.1093545
1.0,1514.0,1551359761.1210015
1.0,1515.0,1551359761.133282
1.0,1516.0,1551359761.1464484
1.0,1517.0,1551359761.156933
2.0,1518.0,1551359761.1694982
1.0,1519.0,1551359761.183095
2.0,1520.0,1551359761.1986601
1.0,1526.0,1551359761.3013139
1.0,1527.0,1551359761.319271
1.0,1537.0,1551359761.4896946
1.0,1548.0,1551359761.6699808
1.0,1549.0,1551359761.685956
1.0,1550.0,1551359761.7002764
1.0,1551.0,1551359761.7171316
1.0,1552.0,1551359761.7322755
1.0,1553.0,1551359761.748169
1.0,1558.0,1551359761.8193853
1.0,1560.0,1551359761.8490794
1.0,1561.0,1551359761.8649368
1.0,1565.0,1551359761.935842
1.0,1571.0,1551359762.0360982
2.0,1580.0,1551359762.1847243
1.0,1587.0,1551359762.3001988
1.0,1589.0,1551359762.3308861
1.0,1592.0,1551359762.3729007
1.0,1595.0,1551359762.4154005
1.0,1599.0,1551359762.474403
1.0,1600.0,1551359762.488243
2.0,1604.0,1551359762.543317
1.0,1607.0,1551359762.5870423
1.0,1619.0,1551359762.7477028
1.0,1621.0,1551359762.7808123
1.0,1623.0,1551359762.8108442
1.0,1632.0,1551359762.931368
1.0,1640.0,1551359763.0333526
2.0,1641.0,1551359763.0452209
1.0,1642.0,1551359763.0544987
1.0,1644.0,1551359763.0767186
1.0,1646.0,1551359763.0973194
1.0,1648.0,1551359763.117063
1.0,1652.0,1551359763.154228
1.0,1654.0,1551359763.1703558
1.0,1656.0,1551359763.1864817
1.0,1657.0,1551359763.1948576
1.0,1658.0,1551359763.2044098
1.0,1661.0,1551359763.2326405
1.0,1663.0,1551359763.2546124
1.0,1667.0,1551359763.299551
1.0,1669.0,1551359763.3235435
1.0,1670.0,1551359763.3430996
1.0,1672.0,1551359763.3689485
1.0,1674.0,1551359763.3973966
1.0,1678.0,1551359763.4609265
1.0,1680.0,1551359763.4884315
1.0,1682.0,1551359763.515437
1.0,1683.0,1551359763.5290596
1.0,1685.0,1551359763.5497727
1.0,1691.0,1551359763.6313157
1.0,1700.0,1551359763.7846591
1.0,1709.0,1551359763.9344141
1.0,1713.0,1551359764.009228
1.0,1727.0,1551359764.2345345
1.0,1730.0,1551359764.2848873
1.0,1732.0,1551359764.3177178
1.0,1740.0,1551359764.4476678
1.0,1741.0,1551359764.4636927
1.0,1742.0,1551359764.4809127
1.0,1758.0,1551359764.710876
1.0,1759.0,1551359764.7262037
1.0,1761.0,1551359764.7571096
1.0,1773.0,1551359764.9214752
1.0,1779.0,1551359765.017196
1.0,1781.0,1551359765.0512471
1.0,1797.0,1551359765.3105223
1.0,1802.0,1551359765.3855984
2.0,1808.0,1551359765.4681973
1.0,1810.0,1551359765.4970143
1.0,1817.0,1551359765.5853393
1.0,1820.0,1551359765.623001
2.0,1823.0,1551359765.6542659
1.0,1824.0,1551359765.6661563
1.0,1825.0,1551359765.6784904
1.0,1829.0,1551359765.73007
1.0,1835.0,1551359765.814055
1.0,1839.0,1551359765.8683121
2.0,1842.0,1551359765.9143617
1.0,1843.0,1551359765.9300206
1.0,1845.0,1551359765.96816
1.0,1846.0,1551359765.9825675
1.0,1847.0,1551359765.9973128
1.0,1848.0,1551359766.0136182
2.0,1849.0,1551359766.0301845
1.0,1850.0,1551359766.046441
1.0,1851.0,1551359766.0632105
2.0,1852.0,1551359766.0800595
1.0,1853.0,1551359766.0970402
1.0,1854.0,1551359766.1132524
2.0,1855.0,1551359766.1298785
2.0,1856.0,1551359766.1463788
1.0,1857.0,1551359766.163208
1.0,1858.0,1551359766.1798959
1.0,1859.0,1551359766.1971512
1.0,1860.0,1551359766.2158217
2.0,1861.0,1551359766.2360237
1.0,1862.0,1551359766.252777
1.0,1863.0,1551359766.2733226
1.0,1877.0,1551359766.5421927
1.0,1885.0,1551359766.6920733
1.0,1890.0,1551359766.798529
1.0,1901.0,1551359766.9834144
2.0,1920.0,1551359767.217986
1.0,1937.0,1551359767.4065766
1.0,1939.0,1551359767.4281068
1.0,1946.0,1551359767.5223665
2.0,1947.0,1551359767.5379531
1.0,1949.0,1551359767.5771933
1.0,1950.0,1551359767.5942519
1.0,1951.0,1551359767.6116517
1.0,1952.0,1551359767.6283412
1.0,1953.0,1551359767.6443005
1.0,1954.0,1551359767.661125
1.0,1955.0,1551359767.6780145
1.0,1964.0,1551359767.8065486
1.0,1965.0,1551359767.8229902
1.0,1969.0,1551359767.8905149
1.0,1986.0,1551359768.1053927
1.0,1990.0,1551359768.1564527
1.0,1992.0,1551359768.1770756
1.0,1993.0,1551359768.1873248
1.0,1994.0,1551359768.1985269
1.0,1996.0,1551359768.2216287
1.0,2003.0,1551359768.3034754
1.0,2004.0,1551359768.3153462
1.0,2006.0,1551359768.338052
1.0,2010.0,1551359768.3966656
1.0,2017.0,1551359768.5162838
1.0,2023.0,1551359768.6278582
2.0,2024.0,1551359768.6480386
1.0,2034.0,1551359768.8284302
1.0,2047.0,1551359769.0668116
1.0,2054.0,1551359769.1667595
2.0,2059.0,1551359769.237645
1.0,2073.0,1551359769.3735354
1.0,2078.0,1551359769.4145234
2.0,2081.0,1551359769.4401467
1.0,2083.0,1551359769.4581037
1.0,2084.0,1551359769.4657845
1.0,2086.0,1551359769.4865565
1.0,2087.0,1551359769.4955783
1.0,2088.0,1551359769.5067837
2.0,2090.0,1551359769.5238583
1.0,2094.0,1551359769.5621042
1.0,2095.0,1551359769.5773485
1.0,2099.0,1551359769.6260786
2.0,2100.0,1551359769.638734
1.0,2101.0,1551359769.6503513
1.0,2106.0,1551359769.710053
1.0,2107.0,1551359769.722525
1.0,2111.0,1551359769.7566907
1.0,2112.0,1551359769.7698846
1.0,2116.0,1551359769.8136752
1.0,2120.0,1551359769.8607852
2.0,2121.0,1551359769.8720083
1.0,2123.0,1551359769.900466
1.0,2128.0,1551359769.9696894
1.0,2133.0,1551359770.0388238
1.0,2134.0,1551359770.0542448
1.0,2135.0,1551359770.0690954
1.0,2137.0,1551359770.107463
1.0,2145.0,1551359770.234817
1.0,2147.0,1551359770.2661955
1.0,2157.0,1551359770.4313142
1.0,2169.0,1551359770.6541574
1.0,2197.0,1551359771.144813
1.0,2198.0,1551359771.1592677
1.0,2199.0,1551359771.1696599
1.0,2200.0,1551359771.1822495
1.0,2203.0,1551359771.2150807
1.0,2208.0,1551359771.2693148
1.0,2219.0,1551359771.3801005
1.0,2220.0,1551359771.38993
2.0,2221.0,1551359771.4030185
2.0,2222.0,1551359771.41185
1.0,2223.0,1551359771.4228
1.0,2224.0,1551359771.4305277
1.0,2225.0,1551359771.4400249
2.0,2226.0,1551359771.4478445
1.0,2227.0,1551359771.4606605
1.0,2228.0,1551359771.4727468
1.0,2231.0,1551359771.5068724
2.0,2232.0,1551359771.5154505
1.0,2236.0,1551359771.5507953
1.0,2243.0,1551359771.6453624
1.0,2245.0,1551359771.680719
1.0,2246.0,1551359771.7007384
1.0,2253.0,1551359771.8358147
1.0,2290.0,1551359772.5686572
1.0,2294.0,1551359772.644809
1.0,2297.0,1551359772.6929238
2.0,2312.0,1551359772.8573477
1.0,2313.0,1551359772.8650093
1.0,2314.0,1551359772.8743694
1.0,2315.0,1551359772.8819401
1.0,2316.0,1551359772.8915627
1.0,2317.0,1551359772.9081998
1.0,2318.0,1551359772.9162457
1.0,2319.0,1551359772.9266984
2.0,2320.0,1551359772.9389303
1.0,2322.0,1551359772.9557338
1.0,2324.0,1551359772.9726083
1.0,2326.0,1551359772.9917285
1.0,2329.0,1551359773.0129592
1.0,2331.0,1551359773.0301635
1.0,2333.0,1551359773.0566623
1.0,2341.0,1551359773.1246717
1.0,2345.0,1551359773.1556027
1.0,2349.0,1551359773.1889503
1.0,2354.0,1551359773.2300048
1.0,2355.0,1551359773.2393782
1.0,2358.0,1551359773.2766817
1.0,2359.0,1551359773.29242
1.0,2362.0,1551359773.330701
1.0,2364.0,1551359773.3521059
1.0,2373.0,1551359773.4478552
1.0,2374.0,1551359773.462227
1.0,2377.0,1551359773.502922
2.0,2391.0,1551359773.6918824
1.0,2392.0,1551359773.7026832
1.0,2393.0,1551359773.7143567
1.0,2394.0,1551359773.729539
1.0,2395.0,1551359773.742163
1.0,2396.0,1551359773.7539184
2.0,2397.0,1551359773.7644897
1.0,2399.0,1551359773.7852888
1.0,2400.0,1551359773.7994952
1.0,2401.0,1551359773.8102968
1.0,2402.0,1551359773.8249505
1.0,2403.0,1551359773.83613
1.0,2404.0,1551359773.851571
2.0,2405.0,1551359773.8632147
2.0,2406.0,1551359773.875553
1.0,2408.0,1551359773.9011855
2.0,2409.0,1551359773.9171903
1.0,2421.0,1551359774.0792534
1.0,2424.0,1551359774.1205065
1.0,2426.0,1551359774.1533048
1.0,2428.0,1551359774.1900642
1.0,2434.0,1551359774.316213
1.0,2465.0,1551359774.922555
1.0,2469.0,1551359774.9847069
1.0,2478.0,1551359775.129886
1.0,2489.0,1551359775.2946153
1.0,2490.0,1551359775.3115995
1.0,2491.0,1551359775.3269248
1.0,2492.0,1551359775.3443046
1.0,2493.0,1551359775.3602438
2.0,2494.0,1551359775.377638
1.0,2513.0,1551359775.6342332
1.0,2526.0,1551359775.8102372
1.0,2532.0,1551359775.8835347
1.0,2536.0,1551359775.9270556
1.0,2541.0,1551359775.9810443
1.0,2544.0,1551359776.0102482
1.0,2545.0,1551359776.0243425
1.0,2547.0,1551359776.043546
1.0,2550.0,1551359776.0787606
1.0,2553.0,1551359776.1174433
1.0,2555.0,1551359776.1440802
1.0,2557.0,1551359776.1722214
1.0,2559.0,1551359776.20256
1.0,2560.0,1551359776.220107
1.0,2566.0,1551359776.2988741
1.0,2567.0,1551359776.3108149
1.0,2570.0,1551359776.3432298
1.0,2573.0,1551359776.377933
1.0,2574.0,1551359776.391579
1.0,2575.0,1551359776.4027584
1.0,2576.0,1551359776.4114468
1.0,2577.0,1551359776.4249492
2.0,2578.0,1551359776.4341474
1.0,2579.0,1551359776.442785
2.0,2584.0,1551359776.4821415
1.0,2585.0,1551359776.4924414
1.0,2588.0,1551359776.518013
2.0,2591.0,1551359776.5422428
1.0,2594.0,1551359776.5743911
2.0,2598.0,1551359776.6047564
2.0,2601.0,1551359776.628053
2.0,2605.0,1551359776.6609344
1.0,2606.0,1551359776.6717875
1.0,2607.0,1551359776.6848404
1.0,2608.0,1551359776.6936293
2.0,2609.0,1551359776.7045321
1.0,2610.0,1551359776.712386
1.0,2613.0,1551359776.7380362
1.0,2615.0,1551359776.7569168
2.0,2617.0,1551359776.778731
1.0,2619.0,1551359776.8079317
2.0,2620.0,1551359776.824036
1.0,2621.0,1551359776.8412068
1.0,2622.0,1551359776.8521678
2.0,2623.0,1551359776.8676116
1.0,2624.0,1551359776.881514
1.0,2625.0,1551359776.8945994
1.0,2626.0,1551359776.9108512
1.0,2627.0,1551359776.9263463
1.0,2628.0,1551359776.942931
1.0,2629.0,1551359776.9597433
1.0,2630.0,1551359776.9745998
2.0,2631.0,1551359776.9853344
1.0,2632.0,1551359776.9998274
1.0,2633.0,1551359777.0131853
1.0,2634.0,1551359777.026918
1.0,2635.0,1551359777.0431166
2.0,2636.0,1551359777.0599594
1.0,2659.0,1551359777.4625893
1.0,2668.0,1551359777.6121163
1.0,2699.0,1551359778.084734
1.0,2704.0,1551359778.1550817
1.0,2705.0,1551359778.1691628
3.0,2706.0,1551359778.183601
1.0,2707.0,1551359778.201101
1.0,2708.0,1551359778.2188585
1.0,2709.0,1551359778.2360396
1.0,2710.0,1551359778.253307
1.0,2711.0,1551359778.2679121
1.0,2713.0,1551359778.3043873
1.0,2714.0,1551359778.319962
1.0,2715.0,1551359778.335563
1.0,2716.0,1551359778.3504481
1.0,2717.0,1551359778.3648548
1.0,2718.0,1551359778.3783479
3.0,2719.0,1551359778.3932006
1.0,2720.0,1551359778.4119556
1.0,2721.0,1551359778.4290042
1.0,2722.0,1551359778.445212
1.0,2723.0,1551359778.4624567
2.0,2724.0,1551359778.4792674
2.0,2725.0,1551359778.4969456
1.0,2726.0,1551359778.5117934
1.0,2727.0,1551359778.5305228
1.0,2728.0,1551359778.5458
2.0,2729.0,1551359778.5625355
1.0,2730.0,1551359778.5798879
1.0,2732.0,1551359778.6130083
1.0,2733.0,1551359778.6274705
1.0,2744.0,1551359778.7764053
1.0,2746.0,1551359778.8099482
1.0,2748.0,1551359778.8390646
1.0,2752.0,1551359778.8930666
1.0,2759.0,1551359778.993305
1.0,2762.0,1551359779.033784
1.0,2763.0,1551359779.0483994
1.0,2766.0,1551359779.0924513
1.0,2768.0,1551359779.1214154
1.0,2772.0,1551359779.1758783
1.0,2773.0,1551359779.1923332
1.0,2775.0,1551359779.220549
1.0,2776.0,1551359779.2340655
1.0,2777.0,1551359779.247519
1.0,2785.0,1551359779.358741
1.0,2786.0,1551359779.375247
1.0,2792.0,1551359779.4598408
1.0,2794.0,1551359779.489254
1.0,2795.0,1551359779.5023694
1.0,2796.0,1551359779.516668
2.0,2797.0,1551359779.5309262
1.0,2798.0,1551359779.5447598
1.0,2799.0,1551359779.55956
1.0,2800.0,1551359779.575349
1.0,2801.0,1551359779.592415
1.0,2802.0,1551359779.6091897
1.0,2803.0,1551359779.6258783
1.0,2804.0,1551359779.6424224
1.0,2805.0,1551359779.6592321
2.0,2807.0,1551359779.6933928
1.0,2808.0,1551359779.711457
1.0,2809.0,1551359779.729709
1.0,2810.0,1551359779.7497797
1.0,2811.0,1551359779.768165
1.0,2812.0,1551359779.781833
1.0,2813.0,1551359779.7965593
1.0,2814.0,1551359779.8104181
1.0,2815.0,1551359779.8263474
1.0,2816.0,1551359779.8424256
1.0,2817.0,1551359779.859159
1.0,2818.0,1551359779.8771038
1.0,2819.0,1551359779.892475
1.0,2820.0,1551359779.9088278
1.0,2821.0,1551359779.9259753
1.0,2822.0,1551359779.941862
1.0,2824.0,1551359779.9710748
1.0,2828.0,1551359780.025658
1.0,2833.0,1551359780.082227
1.0,2835.0,1551359780.106263
1.0,2836.0,1551359780.1199696
2.0,2837.0,1551359780.1334453
1.0,2838.0,1551359780.148062
1.0,2839.0,1551359780.165076
1.0,2847.0,1551359780.256804
2.0,2848.0,1551359780.2673798
1.0,2853.0,1551359780.3155756
1.0,2854.0,1551359780.324257
1.0,2859.0,1551359780.3664184
1.0,2863.0,1551359780.4000995
1.0,2864.0,1551359780.4087873
1.0,2868.0,1551359780.4457498
1.0,2873.0,1551359780.4827898
1.0,2875.0,1551359780.4971473
1.0,2881.0,1551359780.5660074
1.0,2883.0,1551359780.590188
1.0,2884.0,1551359780.6056561
1.0,2885.0,1551359780.615995
1.0,2886.0,1551359780.6315336
2.0,2887.0,1551359780.6433153
1.0,2888.0,1551359780.6565871
1.0,2889.0,1551359780.6666923
1.0,2890.0,1551359780.6774647
1.0,2893.0,1551359780.7196581
1.0,2896.0,1551359780.7494059
1.0,2901.0,1551359780.802099
1.0,2906.0,1551359780.8783922
2.0,2907.0,1551359780.8927174
1.0,2908.0,1551359780.9113207
1.0,2910.0,1551359780.948216
1.0,2913.0,1551359781.004423
1.0,2919.0,1551359781.1160762
1.0,2941.0,1551359781.5361266
1.0,2952.0,1551359781.7117743
1.0,2969.0,1551359781.897637
1.0,2970.0,1551359781.9102612
1.0,2971.0,1551359781.922943
1.0,2978.0,1551359781.999736
1.0,2979.0,1551359782.0109258
1.0,2980.0,1551359782.0235982
1.0,2985.0,1551359782.0769784
1.0,2987.0,1551359782.1010246
1.0,2988.0,1551359782.1151683
1.0,2993.0,1551359782.1916366
2.0,2994.0,1551359782.2083416
1.0,3000.0,1551359782.291076
1.0,3001.0,1551359782.3101199
1.0,3004.0,1551359782.3543184
1.0,3005.0,1551359782.3684402
1.0,3018.0,1551359782.5414596
1.0,3021.0,1551359782.583493
1.0,3023.0,1551359782.6095462
1.0,3027.0,1551359782.6649234
1.0,3034.0,1551359782.778469
1.0,3038.0,1551359782.8494096
1.0,3039.0,1551359782.865614
1.0,3046.0,1551359782.9817657
1.0,3052.0,1551359783.077232
1.0,3060.0,1551359783.204382
1.0,3065.0,1551359783.2830613
1.0,3075.0,1551359783.4253323
1.0,3083.0,1551359783.5414765
1.0,3087.0,1551359783.5984592
1.0,3089.0,1551359783.6252568
1.0,3092.0,1551359783.664159
1.0,3096.0,1551359783.7237895
1.0,3111.0,1551359783.915445
2.0,3115.0,1551359783.9529328
1.0,3116.0,1551359783.9602535
2.0,3117.0,1551359783.9702036
1.0,3118.0,1551359783.977728
2.0,3119.0,1551359783.9894326
1.0,3120.0,1551359783.9966595
1.0,3121.0,1551359784.0046816
1.0,3122.0,1551359784.0121112
1.0,3123.0,1551359784.0217776
1.0,3124.0,1551359784.0289216
1.0,3125.0,1551359784.037388
1.0,3132.0,1551359784.092915
3.0,3133.0,1551359784.1038947
2.0,3134.0,1551359784.1110034
2.0,3135.0,1551359784.1205862
2.0,3137.0,1551359784.1413074
2.0,3138.0,1551359784.1521416
1.0,3139.0,1551359784.1704252
1.0,3140.0,1551359784.1775606
1.0,3141.0,1551359784.1871936
2.0,3142.0,1551359784.1944346
1.0,3144.0,1551359784.214458
1.0,3146.0,1551359784.2361784
1.0,3147.0,1551359784.2434955
1.0,3148.0,1551359784.2554803
1.0,3149.0,1551359784.2668574
1.0,3150.0,1551359784.2772083
1.0,3151.0,1551359784.2885532
1.0,3152.0,1551359784.2998223
2.0,3153.0,1551359784.3099632
1.0,3154.0,1551359784.3223693
1.0,3155.0,1551359784.3338053
2.0,3156.0,1551359784.344045
1.0,3157.0,1551359784.3587875
1.0,3158.0,1551359784.3761225
1.0,3159.0,1551359784.3917766
2.0,3160.0,1551359784.4078095
1.0,3161.0,1551359784.4276886
1.0,3165.0,1551359784.4952176
1.0,3174.0,1551359784.6240659
1.0,3183.0,1551359784.7350695
1.0,3185.0,1551359784.7599964
1.0,3186.0,1551359784.7718523
1.0,3187.0,1551359784.7819946
1.0,3188.0,1551359784.7980027
1.0,3189.0,1551359784.8098474
1.0,3198.0,1551359784.9050758
1.0,3199.0,1551359784.9168062
1.0,3200.0,1551359784.9297876
2.0,3201.0,1551359784.9440565
1.0,3203.0,1551359784.977271
1.0,3204.0,1551359784.9968889
1.0,3209.0,1551359785.090347
1.0,3230.0,1551359785.453085
1.0,3231.0,1551359785.4675813
1.0,3234.0,1551359785.5165763
1.0,3235.0,1551359785.5336378
1.0,3251.0,1551359785.7708611
1.0,3253.0,1551359785.8050106
1.0,3254.0,1551359785.8168738
1.0,3257.0,1551359785.8485868
1.0,3268.0,1551359785.9655628
1.0,3270.0,1551359785.9916117
1.0,3271.0,1551359786.012557
1.0,3273.0,1551359786.044667
1.0,3274.0,1551359786.0589201
1.0,3286.0,1551359786.2171547
1.0,3287.0,1551359786.2275698
2.0,3290.0,1551359786.2592964
1.0,3291.0,1551359786.2741635
1.0,3292.0,1551359786.2898874
1.0,3303.0,1551359786.4576015
1.0,3306.0,1551359786.4958801
1.0,3311.0,1551359786.573566
1.0,3315.0,1551359786.627563
2.0,3317.0,1551359786.6628883
1.0,3318.0,1551359786.6803176
1.0,3319.0,1551359786.6986997
1.0,3320.0,1551359786.7161682
1.0,3321.0,1551359786.7328928
1.0,3322.0,1551359786.7490637
1.0,3323.0,1551359786.7649724
1.0,3335.0,1551359786.960103
1.0,3336.0,1551359786.9766204
1.0,3341.0,1551359787.0447085
1.0,3346.0,1551359787.114202
2.0,3349.0,1551359787.1584733
1.0,3350.0,1551359787.1758633
1.0,3351.0,1551359787.1907666
1.0,3352.0,1551359787.2068365
1.0,3353.0,1551359787.2241082
1.0,3354.0,1551359787.2399814
1.0,3355.0,1551359787.256618
1.0,3356.0,1551359787.2734017
2.0,3357.0,1551359787.2893796
1.0,3358.0,1551359787.3059976
1.0,3359.0,1551359787.3207366
1.0,3360.0,1551359787.3354905
1.0,3361.0,1551359787.3498292
1.0,3362.0,1551359787.3604276
1.0,3363.0,1551359787.3726926
1.0,3365.0,1551359787.3929791
1.0,3374.0,1551359787.4740522
1.0,3376.0,1551359787.491376
1.0,3378.0,1551359787.5123453
1.0,3380.0,1551359787.5343564
1.0,3381.0,1551359787.5423357
1.0,3382.0,1551359787.5519748
1.0,3384.0,1551359787.5686548
1.0,3391.0,1551359787.6260254
1.0,3393.0,1551359787.644921
1.0,3394.0,1551359787.6553428
1.0,3395.0,1551359787.674531
1.0,3407.0,1551359787.841204
1.0,3415.0,1551359787.9767308
1.0,3425.0,1551359788.1314037
1.0,3428.0,1551359788.184566
1.0,3434.0,1551359788.2766151
1.0,3439.0,1551359788.3603628
1.0,3442.0,1551359788.4099996
1.0,3457.0,1551359788.6057878
1.0,3459.0,1551359788.6305053
1.0,3462.0,1551359788.6866746
1.0,3463.0,1551359788.6984615
2.0,3464.0,1551359788.7140515
1.0,3468.0,1551359788.7562585
2.0,3471.0,1551359788.7916753
1.0,3472.0,1551359788.8075008
1.0,3477.0,1551359788.8731549
1.0,3478.0,1551359788.889207
1.0,3479.0,1551359788.9059048
1.0,3485.0,1551359789.0074334
1.0,3487.0,1551359789.0345647
2.0,3490.0,1551359789.0744812
1.0,3493.0,1551359789.1139116
1.0,3495.0,1551359789.1417692
1.0,3497.0,1551359789.1696913
1.0,3498.0,1551359789.1861982
1.0,3512.0,1551359789.4267824
1.0,3526.0,1551359789.6595757
1.0,3536.0,1551359789.8568933
1.0,3539.0,1551359789.9148154
1.0,3549.0,1551359790.0771368
1.0,3575.0,1551359790.473605
1.0,3579.0,1551359790.5269399
1.0,3583.0,1551359790.5825758
1.0,3589.0,1551359790.6468883
1.0,3590.0,1551359790.658696
1.0,3597.0,1551359790.7360816
1.0,3600.0,1551359790.775676
1.0,3601.0,1551359790.7894812
2.0,3602.0,1551359790.8027484
1.0,3603.0,1551359790.8142724
1.0,3604.0,1551359790.8253477
1.0,3605.0,1551359790.8380969
1.0,3606.0,1551359790.8548162
1.0,3607.0,1551359790.8710728
1.0,3608.0,1551359790.8818543
2.0,3609.0,1551359790.8924198
1.0,3610.0,1551359790.9063954
1.0,3611.0,1551359790.919485
1.0,3612.0,1551359790.9309788
1.0,3613.0,1551359790.9411733
1.0,3614.0,1551359790.956287
1.0,3615.0,1551359790.9692879
2.0,3616.0,1551359790.9808362
1.0,3620.0,1551359791.0351384
1.0,3621.0,1551359791.0491567
1.0,3629.0,1551359791.171469
1.0,3633.0,1551359791.2311082
1.0,3636.0,1551359791.269155
1.0,3637.0,1551359791.2807016
1.0,3638.0,1551359791.2914612
1.0,3639.0,1551359791.303305
1.0,3648.0,1551359791.4049616
1.0,3650.0,1551359791.4296222
1.0,3656.0,1551359791.4931657
1.0,3658.0,1551359791.5093627
1.0,3660.0,1551359791.5289924
2.0,3663.0,1551359791.5566046
1.0,3666.0,1551359791.5829973
1.0,3682.0,1551359791.723428
1.0,3683.0,1551359791.7390125
1.0,3684.0,1551359791.7572157
1.0,3685.0,1551359791.7728727
1.0,3692.0,1551359791.8620405
1.0,3695.0,1551359791.902617
1.0,3697.0,1551359791.9232895
1.0,3698.0,1551359791.9365046
1.0,3699.0,1551359791.9469948
1.0,3700.0,1551359791.9581823
2.0,3705.0,1551359792.0289736
1.0,3708.0,1551359792.071227
1.0,3711.0,1551359792.1213813
1.0,3712.0,1551359792.1386335
1.0,3718.0,1551359792.2225804
1.0,3726.0,1551359792.3578944
1.0,3731.0,1551359792.4501305
1.0,3732.0,1551359792.4717193
1.0,3748.0,1551359792.7807853
1.0,3751.0,1551359792.8295913
1.0,3758.0,1551359792.9404764
1.0,3760.0,1551359792.975095
1.0,3772.0,1551359793.1423256
1.0,3775.0,1551359793.1843116
1.0,3780.0,1551359793.254266
1.0,3781.0,1551359793.2710407
1.0,3784.0,1551359793.3168323
1.0,3785.0,1551359793.3355272
1.0,3786.0,1551359793.3498743
1.0,3787.0,1551359793.3631086
1.0,3788.0,1551359793.376483
1.0,3789.0,1551359793.3903184
1.0,3790.0,1551359793.40635
1.0,3791.0,1551359793.421883
1.0,3792.0,1551359793.4375103
1.0,3793.0,1551359793.4547315
1.0,3794.0,1551359793.4712656
2.0,3795.0,1551359793.487465
1.0,3796.0,1551359793.506488
1.0,3797.0,1551359793.522325
1.0,3798.0,1551359793.5384498
2.0,3799.0,1551359793.5542877
1.0,3809.0,1551359793.6874924
1.0,3818.0,1551359793.8208976
1.0,3824.0,1551359793.9065826
1.0,3825.0,1551359793.9226005
1.0,3830.0,1551359793.9930072
1.0,3845.0,1551359794.200567
1.0,3850.0,1551359794.2675154
1.0,3861.0,1551359794.418152
1.0,3863.0,1551359794.4390411
1.0,3873.0,1551359794.5387654
2.0,3875.0,1551359794.5552967
1.0,3876.0,1551359794.5682144
2.0,3884.0,1551359794.6390543
1.0,3885.0,1551359794.6494205
1.0,3886.0,1551359794.6573815
1.0,3889.0,1551359794.68485
1.0,3890.0,1551359794.69663
1.0,3891.0,1551359794.7069438
1.0,3897.0,1551359794.772259
1.0,3899.0,1551359794.798086
2.0,3900.0,1551359794.8158092
1.0,3901.0,1551359794.8303158
1.0,3907.0,1551359794.9172895
1.0,3909.0,1551359794.942012
1.0,3914.0,1551359795.001933
1.0,3917.0,1551359795.0424943
1.0,3919.0,1551359795.0827477
1.0,3924.0,1551359795.164589
1.0,3930.0,1551359795.256242
1.0,3932.0,1551359795.28987
1.0,3935.0,1551359795.3402326
1.0,3955.0,1551359795.6045942
1.0,3959.0,1551359795.651015
1.0,3964.0,1551359795.7076638
1.0,3965.0,1551359795.719371
1.0,3968.0,1551359795.751636
2.0,3971.0,1551359795.7867343
1.0,3974.0,1551359795.8198085
1.0,3977.0,1551359795.854893
1.0,3979.0,1551359795.8780727
1.0,3982.0,1551359795.9340317
1.0,3986.0,1551359795.9941876
1.0,3991.0,1551359796.061112
1.0,3999.0,1551359796.1909354
1.0,4000.0,1551359796.2077801
1.0,4001.0,1551359796.2220511
1.0,4002.0,1551359796.2375832
1.0,4003.0,1551359796.2551622
1.0,4004.0,1551359796.2709591
1.0,4005.0,1551359796.2866158
1.0,4009.0,1551359796.3401709
1.0,4020.0,1551359796.4876726
1.0,4022.0,1551359796.5155299
1.0,4025.0,1551359796.559139
1.0,4034.0,1551359796.6823573
1.0,4041.0,1551359796.7793496
2.0,4044.0,1551359796.8234274
1.0,4047.0,1551359796.8733008
1.0,4052.0,1551359796.9567845
1.0,4054.0,1551359796.99023
1.0,4057.0,1551359797.0404463
1.0,4061.0,1551359797.103396
1.0,4066.0,1551359797.1956818
1.0,4080.0,1551359797.4517314
1.0,4087.0,1551359797.5962567
1.0,4106.0,1551359797.9058754
1.0,4116.0,1551359798.0141952
1.0,4117.0,1551359798.0219617
1.0,4118.0,1551359798.0317388
1.0,4121.0,1551359798.0586486
1.0,4122.0,1551359798.0719528
1.0,4125.0,1551359798.097505
2.0,4126.0,1551359798.110313
1.0,4127.0,1551359798.1193457
1.0,4128.0,1551359798.1304302
2.0,4129.0,1551359798.1388206
1.0,4130.0,1551359798.1493266
1.0,4131.0,1551359798.1570692
1.0,4133.0,1551359798.1820483
1.0,4134.0,1551359798.190025
1.0,4135.0,1551359798.2001112
1.0,4139.0,1551359798.2334259
1.0,4143.0,1551359798.2652223
1.0,4149.0,1551359798.3170485
1.0,4150.0,1551359798.3248963
1.0,4153.0,1551359798.354488
1.0,4158.0,1551359798.3972654
1.0,4159.0,1551359798.4053893
1.0,4161.0,1551359798.4209096
1.0,4163.0,1551359798.4402418
1.0,4165.0,1551359798.4631283
1.0,4168.0,1551359798.5077515
2.0,4172.0,1551359798.570331
1.0,4174.0,1551359798.5989804
1.0,4175.0,1551359798.61223
1.0,4177.0,1551359798.6401079
1.0,4183.0,1551359798.733219
1.0,4188.0,1551359798.8090813
1.0,4193.0,1551359798.9007387
1.0,4198.0,1551359799.0024881
1.0,4217.0,1551359799.3358302
1.0,4226.0,1551359799.4555764
1.0,4227.0,1551359799.4755201
1.0,4228.0,1551359799.4937367
1.0,4229.0,1551359799.5077255
1.0,4230.0,1551359799.5217507
1.0,4231.0,1551359799.5372088
1.0,4232.0,1551359799.5532653
1.0,4233.0,1551359799.5689533
1.0,4234.0,1551359799.585393
2.0,4235.0,1551359799.6024463
1.0,4239.0,1551359799.6555977
1.0,4243.0,1551359799.7145543
1.0,4245.0,1551359799.7501652
1.0,4261.0,1551359800.0032566
1.0,4266.0,1551359800.086551
1.0,4268.0,1551359800.1121178
1.0,4269.0,1551359800.1231487
1.0,4275.0,1551359800.1913486
1.0,4278.0,1551359800.2249975
1.0,4279.0,1551359800.2376919
1.0,4281.0,1551359800.2604136
1.0,4282.0,1551359800.2720706
1.0,4284.0,1551359800.3002584
1.0,4286.0,1551359800.3205903
1.0,4287.0,1551359800.3338218
1.0,4288.0,1551359800.3510525
1.0,4289.0,1551359800.3630738
1.0,4290.0,1551359800.3736374
1.0,4299.0,1551359800.4783576
1.0,4308.0,1551359800.599166
1.0,4309.0,1551359800.6162913
1.0,4310.0,1551359800.6357203
1.0,4324.0,1551359800.872957
1.0,4333.0,1551359801.020736
1.0,4336.0,1551359801.0706513
1.0,4338.0,1551359801.1041665
1.0,4340.0,1551359801.1418676
1.0,4353.0,1551359801.373763
1.0,4355.0,1551359801.4122875
1.0,4356.0,1551359801.4291346
1.0,4357.0,1551359801.4464786
1.0,4358.0,1551359801.4643722
1.0,4359.0,1551359801.4810336
1.0,4360.0,1551359801.4978633
1.0,4361.0,1551359801.5149546
2.0,4362.0,1551359801.5319972
1.0,4363.0,1551359801.5487084
1.0,4364.0,1551359801.5652695
1.0,4365.0,1551359801.5817428
1.0,4366.0,1551359801.598496
1.0,4375.0,1551359801.7304518
1.0,4387.0,1551359801.894142
1.0,4388.0,1551359801.905274
1.0,4389.0,1551359801.9184628
1.0,4390.0,1551359801.9320188
1.0,4391.0,1551359801.9417112
1.0,4393.0,1551359801.9668813
1.0,4395.0,1551359801.9841797
1.0,4397.0,1551359801.999456
1.0,4406.0,1551359802.0735898
1.0,4409.0,1551359802.102892
1.0,4410.0,1551359802.1128242
1.0,4413.0,1551359802.1363373
1.0,4414.0,1551359802.1496875
1.0,4415.0,1551359802.1567726
1.0,4417.0,1551359802.1727774
1.0,4422.0,1551359802.2243168
1.0,4423.0,1551359802.2333503
1.0,4427.0,1551359802.269866
1.0,4431.0,1551359802.3074818
1.0,4434.0,1551359802.3409545
1.0,4435.0,1551359802.35465
1.0,4436.0,1551359802.3687599
2.0,4437.0,1551359802.3827858
1.0,4449.0,1551359802.5340312
1.0,4453.0,1551359802.582116
1.0,4457.0,1551359802.6286557
1.0,4458.0,1551359802.6391392
1.0,4460.0,1551359802.6652
1.0,4461.0,1551359802.682548
1.0,4462.0,1551359802.6925623
1.0,4464.0,1551359802.7193546
1.0,4466.0,1551359802.747168
1.0,4469.0,1551359802.7857044
1.0,4470.0,1551359802.801502
1.0,4472.0,1551359802.8305223
1.0,4477.0,1551359802.9111722
1.0,4479.0,1551359802.942237
1.0,4497.0,1551359803.2416646
1.0,4499.0,1551359803.273613
1.0,4509.0,1551359803.4406645
1.0,4519.0,1551359803.6076205
1.0,4522.0,1551359803.6777303
1.0,4528.0,1551359803.784536
1.0,4536.0,1551359803.9130106
1.0,4543.0,1551359804.0212243
1.0,4562.0,1551359804.3182344
1.0,4572.0,1551359804.431473
1.0,4573.0,1551359804.4427195
2.0,4574.0,1551359804.4541802
1.0,4577.0,1551359804.4898741
1.0,4582.0,1551359804.544893
2.0,4584.0,1551359804.5664017
1.0,4585.0,1551359804.5769365
1.0,4587.0,1551359804.6005044
1.0,4590.0,1551359804.6346264
1.0,4592.0,1551359804.6597009
1.0,4596.0,1551359804.706818
1.0,4602.0,1551359804.7767296
1.0,4606.0,1551359804.8188865
1.0,4607.0,1551359804.8346672
1.0,4609.0,1551359804.8578725
1.0,4610.0,1551359804.8717587
1.0,4614.0,1551359804.916345
1.0,4616.0,1551359804.9407752
2.0,4617.0,1551359804.95247
1.0,4618.0,1551359804.9689996
1.0,4619.0,1551359804.9818828
1.0,4620.0,1551359804.99215
1.0,4621.0,1551359805.003945
2.0,4622.0,1551359805.0162625
2.0,4623.0,1551359805.0266604
1.0,4624.0,1551359805.0377095
1.0,4625.0,1551359805.0519445
1.0,4626.0,1551359805.0658407
1.0,4627.0,1551359805.0773401
1.0,4628.0,1551359805.0894003
1.0,4629.0,1551359805.1010425
2.0,4630.0,1551359805.1150022
2.0,4631.0,1551359805.1320045
1.0,4632.0,1551359805.146197
1.0,4633.0,1551359805.1582274
1.0,4638.0,1551359805.221627
1.0,4644.0,1551359805.302659
2.0,4654.0,1551359805.417435
1.0,4666.0,1551359805.5485578
1.0,4669.0,1551359805.5819438
2.0,4677.0,1551359805.6659486
1.0,4678.0,1551359805.676832
1.0,4682.0,1551359805.723356
1.0,4686.0,1551359805.7707362
1.0,4689.0,1551359805.802965
1.0,4691.0,1551359805.8244314
1.0,4693.0,1551359805.8497834
1.0,4694.0,1551359805.8649535
1.0,4699.0,1551359805.9185486
1.0,4702.0,1551359805.9586165
1.0,4704.0,1551359805.991623
1.0,4714.0,1551359806.1570418
1.0,4719.0,1551359806.2438788
1.0,4723.0,1551359806.3061454
1.0,4733.0,1551359806.4413497
1.0,4736.0,1551359806.487596
2.0,4737.0,1551359806.5043607
1.0,4750.0,1551359806.7293513
1.0,4755.0,1551359806.8075616
1.0,4760.0,1551359806.8912077
1.0,4764.0,1551359806.9606931
1.0,4774.0,1551359807.12771
2.0,4775.0,1551359807.1455522
1.0,4776.0,1551359807.1597025
2.0,4777.0,1551359807.1705997
1.0,4778.0,1551359807.1835918
2.0,4779.0,1551359807.194737
1.0,4780.0,1551359807.2027094
1.0,4781.0,1551359807.2110758
1.0,4782.0,1551359807.2201521
1.0,4783.0,1551359807.229479
1.0,4792.0,1551359807.299218
1.0,4795.0,1551359807.3343046
1.0,4798.0,1551359807.3604753
1.0,4799.0,1551359807.3693163
2.0,4801.0,1551359807.3884425
1.0,4803.0,1551359807.4042876
1.0,4804.0,1551359807.4134119
1.0,4805.0,1551359807.4210608
1.0,4806.0,1551359807.4353204
1.0,4807.0,1551359807.4448016
1.0,4809.0,1551359807.4681962
1.0,4810.0,1551359807.483314
1.0,4818.0,1551359807.5947983
1.0,4821.0,1551359807.6611862
1.0,4826.0,1551359807.7521052
1.0,4844.0,1551359808.0356185
2.0,4855.0,1551359808.1535435
2.0,4856.0,1551359808.1643524
2.0,4857.0,1551359808.1740475
1.0,4858.0,1551359808.1920292
1.0,4859.0,1551359808.2025983
1.0,4860.0,1551359808.217909
1.0,4861.0,1551359808.2331233
1.0,4867.0,1551359808.3004718
1.0,4870.0,1551359808.332212
1.0,4872.0,1551359808.355365
3.0,4873.0,1551359808.3683834
1.0,4874.0,1551359808.3846183
1.0,4875.0,1551359808.3997319
2.0,4876.0,1551359808.4161103
1.0,4877.0,1551359808.4354408
1.0,4878.0,1551359808.4521391
2.0,4879.0,1551359808.4700813
1.0,4880.0,1551359808.490406
1.0,4881.0,1551359808.5127857
1.0,4882.0,1551359808.5315437
1.0,4883.0,1551359808.5498528
1.0,4900.0,1551359808.8232086
1.0,4912.0,1551359809.0186675
1.0,4921.0,1551359809.1305315
1.0,4924.0,1551359809.1637251
1.0,4927.0,1551359809.201852
1.0,4929.0,1551359809.2221024
1.0,4934.0,1551359809.2804317
1.0,4935.0,1551359809.2915025
1.0,4936.0,1551359809.3025534
1.0,4937.0,1551359809.3144748
1.0,4942.0,1551359809.3654737
2.0,4945.0,1551359809.405335
1.0,4947.0,1551359809.4372313
1.0,4950.0,1551359809.4832385
1.0,4953.0,1551359809.5220644
1.0,4956.0,1551359809.5568256
1.0,4957.0,1551359809.5691996
1.0,4958.0,1551359809.5818486
3.0,4959.0,1551359809.5964208
2.0,4960.0,1551359809.60659
3.0,4961.0,1551359809.6189833
1.0,4962.0,1551359809.6311386
1.0,4963.0,1551359809.6410651
1.0,4964.0,1551359809.6529486
2.0,4965.0,1551359809.6655557
1.0,4966.0,1551359809.680232
1.0,4967.0,1551359809.6898866
1.0,4968.0,1551359809.7025967
2.0,4969.0,1551359809.7144897
1.0,4986.0,1551359809.9654021
1.0,4989.0,1551359810.0182064
1.0,4995.0,1551359810.1298993
1.0,5011.0,1551359810.4052925
1.0,5013.0,1551359810.4423246
1.0,5030.0,1551359810.7343884
1.0,5041.0,1551359810.8883333
1.0,5044.0,1551359810.9306045
1.0,5045.0,1551359810.940715
1.0,5050.0,1551359810.9977055
1.0,5051.0,1551359811.007722
1.0,5053.0,1551359811.0299106
1.0,5054.0,1551359811.0395803
1.0,5055.0,1551359811.0517776
2.0,5058.0,1551359811.0836926
1.0,5062.0,1551359811.1454303
1.0,5063.0,1551359811.1605034
1.0,5065.0,1551359811.1873202
1.0,5074.0,1551359811.3114657
1.0,5078.0,1551359811.3725958
1.0,5083.0,1551359811.459241
1.0,5086.0,1551359811.5059369
1.0,5087.0,1551359811.5194607
1.0,5096.0,1551359811.6662428
1.0,5098.0,1551359811.7007828
1.0,5099.0,1551359811.717857
3.0,5100.0,1551359811.7337613
1.0,5101.0,1551359811.7501187
1.0,5102.0,1551359811.766433
1.0,5103.0,1551359811.7822187
1.0,5104.0,1551359811.801864
1.0,5105.0,1551359811.8183477
1.0,5106.0,1551359811.8345199
1.0,5107.0,1551359811.8507779
1.0,5108.0,1551359811.8690372
1.0,5109.0,1551359811.885264
1.0,5110.0,1551359811.9021125
1.0,5111.0,1551359811.9202006
1.0,5112.0,1551359811.9390697
1.0,5113.0,1551359811.9569156
1.0,5119.0,1551359812.0676427
1.0,5141.0,1551359812.4394503
1.0,5147.0,1551359812.5392663
1.0,5156.0,1551359812.6618178
1.0,5162.0,1551359812.725618
1.0,5170.0,1551359812.7945986
1.0,5174.0,1551359812.8280783
1.0,5176.0,1551359812.8428228
1.0,5178.0,1551359812.8589833
1.0,5179.0,1551359812.8685076
1.0,5180.0,1551359812.8824878
1.0,5183.0,1551359812.9113395
2.0,5184.0,1551359812.9185936
1.0,5185.0,1551359812.9286847
1.0,5186.0,1551359812.9358246
1.0,5187.0,1551359812.946061
1.0,5192.0,1551359812.9920454
1.0,5196.0,1551359813.0254488
1.0,5200.0,1551359813.0632336
1.0,5203.0,1551359813.0959687
1.0,5204.0,1551359813.1055572
1.0,5205.0,1551359813.118766
1.0,5217.0,1551359813.2617311
1.0,5218.0,1551359813.2719119
1.0,5221.0,1551359813.3041148
1.0,5224.0,1551359813.3476987
2.0,5226.0,1551359813.3706977
1.0,5228.0,1551359813.3953934
1.0,5230.0,1551359813.4217093
1.0,5235.0,1551359813.4826384
1.0,5237.0,1551359813.504053
1.0,5238.0,1551359813.516798
1.0,5239.0,1551359813.529376
1.0,5241.0,1551359813.5503838
1.0,5242.0,1551359813.5655315
1.0,5245.0,1551359813.610687
1.0,5250.0,1551359813.6887884
1.0,5251.0,1551359813.7031436
1.0,5257.0,1551359813.8011885
1.0,5258.0,1551359813.8159807
1.0,5261.0,1551359813.8555064
1.0,5270.0,1551359813.9825888
1.0,5279.0,1551359814.1071517
2.0,5283.0,1551359814.1643336
1.0,5289.0,1551359814.2672515
1.0,5292.0,1551359814.3149416
1.0,5293.0,1551359814.33064
1.0,5294.0,1551359814.3483715
1.0,5295.0,1551359814.3644695
1.0,5296.0,1551359814.3812103
1.0,5301.0,1551359814.4489238
1.0,5302.0,1551359814.464499
1.0,5303.0,1551359814.480463
1.0,5304.0,1551359814.5000582
1.0,5306.0,1551359814.5343776
1.0,5308.0,1551359814.5702295
1.0,5311.0,1551359814.6175783
1.0,5319.0,1551359814.7287333
1.0,5322.0,1551359814.7742958
1.0,5328.0,1551359814.8634193
1.0,5330.0,1551359814.8971722
1.0,5334.0,1551359814.949869
1.0,5337.0,1551359815.0004113
1.0,5351.0,1551359815.2230647
1.0,5352.0,1551359815.2383091
1.0,5355.0,1551359815.2811418
1.0,5357.0,1551359815.316844
1.0,5368.0,1551359815.5201359
1.0,5385.0,1551359815.7989357
1.0,5389.0,1551359815.8528578
1.0,5390.0,1551359815.8692858
1.0,5391.0,1551359815.8857205
1.0,5392.0,1551359815.9009273
1.0,5393.0,1551359815.915861
1.0,5394.0,1551359815.9311373
2.0,5396.0,1551359815.9647262
1.0,5397.0,1551359815.9821987
1.0,5399.0,1551359816.0148957
1.0,5400.0,1551359816.0301976
1.0,5404.0,1551359816.085295
1.0,5411.0,1551359816.1766539
1.0,5422.0,1551359816.2906287
1.0,5424.0,1551359816.3109345
1.0,5429.0,1551359816.3577967
1.0,5431.0,1551359816.3745248
1.0,5437.0,1551359816.4309456
2.0,5443.0,1551359816.4821637
2.0,5444.0,1551359816.491204
1.0,5445.0,1551359816.5008504
1.0,5446.0,1551359816.516485
1.0,5452.0,1551359816.5660496
1.0,5457.0,1551359816.607181
1.0,5458.0,1551359816.6162493
2.0,5459.0,1551359816.6254084
2.0,5460.0,1551359816.639106
2.0,5461.0,1551359816.650208
1.0,5463.0,1551359816.67219
1.0,5466.0,1551359816.7032535
1.0,5474.0,1551359816.7951128
1.0,5481.0,1551359816.8783417
2.0,5485.0,1551359816.918622
1.0,5487.0,1551359816.9383705
1.0,5489.0,1551359816.9620473
1.0,5491.0,1551359816.9932706
1.0,5494.0,1551359817.0305827
1.0,5496.0,1551359817.0589936
1.0,5497.0,1551359817.0730188
1.0,5499.0,1551359817.1084
1.0,5507.0,1551359817.2433696
1.0,5513.0,1551359817.3440418
1.0,5518.0,1551359817.4437983
1.0,5519.0,1551359817.4636927
1.0,5520.0,1551359817.4827328
1.0,5534.0,1551359817.7270582
1.0,5553.0,1551359817.9854307
1.0,5563.0,1551359818.073453
1.0,5564.0,1551359818.0822754
1.0,5571.0,1551359818.1448057
1.0,5575.0,1551359818.1964736
1.0,5576.0,1551359818.2144153
1.0,5577.0,1551359818.2328534
2.0,5578.0,1551359818.2450395
1.0,5580.0,1551359818.27873
1.0,5581.0,1551359818.2942526
1.0,5582.0,1551359818.303963
1.0,5583.0,1551359818.3158195
1.0,5584.0,1551359818.328712
1.0,5585.0,1551359818.344543
3.0,5586.0,1551359818.3543322
2.0,5587.0,1551359818.3664203
1.0,5588.0,1551359818.3783631
1.0,5589.0,1551359818.3892603
1.0,5590.0,1551359818.4013383
1.0,5591.0,1551359818.4143813
1.0,5592.0,1551359818.4272935
2.0,5593.0,1551359818.4369087
2.0,5594.0,1551359818.4509914
2.0,5595.0,1551359818.4686508
1.0,5596.0,1551359818.4890378
1.0,5626.0,1551359819.0847936
1.0,5630.0,1551359819.149299
1.0,5646.0,1551359819.3484182
1.0,5647.0,1551359819.3603735
1.0,5648.0,1551359819.370104
2.0,5649.0,1551359819.3857274
2.0,5650.0,1551359819.403485
1.0,5651.0,1551359819.4156265
1.0,5652.0,1551359819.4284735
1.0,5653.0,1551359819.44357
1.0,5654.0,1551359819.4617941
1.0,5655.0,1551359819.476791
1.0,5656.0,1551359819.4867735
2.0,5657.0,1551359819.4993744
2.0,5658.0,1551359819.5118666
1.0,5659.0,1551359819.5268614
2.0,5660.0,1551359819.5365214
1.0,5661.0,1551359819.5483096
1.0,5662.0,1551359819.5661402
2.0,5663.0,1551359819.5815105
1.0,5664.0,1551359819.5945113
2.0,5665.0,1551359819.604713
1.0,5671.0,1551359819.6855686
1.0,5681.0,1551359819.8163886
1.0,5684.0,1551359819.8470612
1.0,5685.0,1551359819.8607345
1.0,5688.0,1551359819.895545
1.0,5689.0,1551359819.9104083
1.0,5690.0,1551359819.920233
1.0,5691.0,1551359819.9326313
1.0,5692.0,1551359819.9445763
2.0,5693.0,1551359819.9547825
1.0,5694.0,1551359819.9668965
2.0,5695.0,1551359819.9782157
1.0,5696.0,1551359819.9894845
1.0,5697.0,1551359819.9986274
1.0,5698.0,1551359820.0086946
1.0,5699.0,1551359820.017168
2.0,5700.0,1551359820.03065
1.0,5701.0,1551359820.0401118
1.0,5702.0,1551359820.0489454
1.0,5704.0,1551359820.0744877
2.0,5705.0,1551359820.0826707
1.0,5706.0,1551359820.0927613
4.0,5707.0,1551359820.1001081
2.0,5708.0,1551359820.1103296
1.0,5709.0,1551359820.117527
1.0,5710.0,1551359820.1272595
1.0,5711.0,1551359820.1352584
1.0,5712.0,1551359820.1478093
1.0,5713.0,1551359820.1564662
2.0,5714.0,1551359820.1685529
1.0,5715.0,1551359820.1769211
1.0,5716.0,1551359820.1847725
1.0,5717.0,1551359820.1967077
1.0,5718.0,1551359820.2061944
1.0,5719.0,1551359820.2190125
1.0,5721.0,1551359820.244538
1.0,5722.0,1551359820.2543962
1.0,5724.0,1551359820.2947984
1.0,5727.0,1551359820.3319557
2.0,5730.0,1551359820.360927
1.0,5734.0,1551359820.391609
1.0,5741.0,1551359820.4461071
1.0,5747.0,1551359820.4977932
1.0,5748.0,1551359820.506309
1.0,5750.0,1551359820.5232937
2.0,5751.0,1551359820.5315359
1.0,5752.0,1551359820.5398457
1.0,5754.0,1551359820.5613058
1.0,5756.0,1551359820.5834088
1.0,5757.0,1551359820.5908797
1.0,5758.0,1551359820.607403
3.0,5759.0,1551359820.6149266
1.0,5760.0,1551359820.6232452
1.0,5761.0,1551359820.6318767
1.0,5762.0,1551359820.6413686
1.0,5763.0,1551359820.6575
1.0,5764.0,1551359820.6649663
1.0,5765.0,1551359820.6730742
1.0,5766.0,1551359820.6826055
2.0,5767.0,1551359820.6934583
1.0,5768.0,1551359820.700726
1.0,5769.0,1551359820.7108722
1.0,5770.0,1551359820.721094
2.0,5771.0,1551359820.7335446
2.0,5772.0,1551359820.7445226
3.0,5773.0,1551359820.755695
1.0,5774.0,1551359820.7749922
1.0,5775.0,1551359820.7934299
1.0,5779.0,1551359820.8518784
1.0,5781.0,1551359820.8912394
1.0,5790.0,1551359821.0600924
1.0,5809.0,1551359821.4467456
1.0,5815.0,1551359821.5727663
1.0,5861.0,1551359822.4614518
1.0,5864.0,1551359822.5078812
1.0,5867.0,1551359822.5465767
1.0,5868.0,1551359822.5597022
1.0,5876.0,1551359822.65262
1.0,5878.0,1551359822.6764379
1.0,5879.0,1551359822.68633
1.0,5880.0,1551359822.6976933
1.0,5881.0,1551359822.711104
1.0,5882.0,1551359822.72702
4.0,5883.0,1551359822.7371314
1.0,5884.0,1551359822.7493055
1.0,5888.0,1551359822.80052
1.0,5890.0,1551359822.8278646
1.0,5893.0,1551359822.862676
1.0,5897.0,1551359822.9115095
1.0,5899.0,1551359822.9405675
1.0,5901.0,1551359822.967544
1.0,5902.0,1551359822.9847157
1.0,5904.0,1551359823.0119455
1.0,5913.0,1551359823.0886893
1.0,5916.0,1551359823.115904
1.0,5930.0,1551359823.2382395
1.0,5931.0,1551359823.246819
2.0,5932.0,1551359823.2592955
1.0,5933.0,1551359823.2664912
1.0,5937.0,1551359823.3192477
1.0,5939.0,1551359823.3424404
1.0,5948.0,1551359823.444319
1.0,5950.0,1551359823.4674897
1.0,5953.0,1551359823.5108237
2.0,5957.0,1551359823.570087
1.0,5959.0,1551359823.5971453
1.0,5961.0,1551359823.6259835
1.0,5963.0,1551359823.6572459
2.0,5969.0,1551359823.7641153
1.0,5978.0,1551359823.9142184
1.0,5979.0,1551359823.93044
1.0,5980.0,1551359823.949141
1.0,5984.0,1551359824.0148969
1.0,5990.0,1551359824.1037192
1.0,5992.0,1551359824.132689
1.0,5994.0,1551359824.161542
1.0,6003.0,1551359824.2885735
1.0,6011.0,1551359824.377828
1.0,6014.0,1551359824.4143891
1.0,6015.0,1551359824.425954
1.0,6016.0,1551359824.4368258
1.0,6017.0,1551359824.4492168
1.0,6018.0,1551359824.4666414
2.0,6019.0,1551359824.478882
2.0,6020.0,1551359824.4928222
1.0,6021.0,1551359824.5023708
2.0,6022.0,1551359824.5143654
1.0,6023.0,1551359824.526493
1.0,6024.0,1551359824.5373516
1.0,6025.0,1551359824.5501914
1.0,6026.0,1551359824.5620098
2.0,6027.0,1551359824.575
1.0,6028.0,1551359824.588389
1.0,6029.0,1551359824.6030846
1.0,6030.0,1551359824.618262
1.0,6032.0,1551359824.6526864
2.0,6033.0,1551359824.6671772
1.0,6034.0,1551359824.682999
1.0,6035.0,1551359824.701198
1.0,6036.0,1551359824.718843
2.0,6037.0,1551359824.7369275
1.0,6038.0,1551359824.753702
1.0,6039.0,1551359824.7695315
1.0,6040.0,1551359824.7852113
1.0,6041.0,1551359824.7999992
1.0,6042.0,1551359824.8144727
1.0,6043.0,1551359824.8284576
1.0,6044.0,1551359824.8463762
1.0,6045.0,1551359824.8608932
1.0,6046.0,1551359824.877832
1.0,6047.0,1551359824.896722
2.0,6048.0,1551359824.9142404
1.0,6049.0,1551359824.9349504
1.0,6051.0,1551359824.9800906
1.0,6055.0,1551359825.0592928
1.0,6059.0,1551359825.1341553
1.0,6073.0,1551359825.4026463
1.0,6080.0,1551359825.519014
1.0,6091.0,1551359825.6821404
1.0,6098.0,1551359825.8185716
1.0,6102.0,1551359825.890237
1.0,6105.0,1551359825.941179
1.0,6112.0,1551359826.065391
1.0,6114.0,1551359826.1103704
2.0,6125.0,1551359826.2674625
1.0,6130.0,1551359826.3461967
1.0,6139.0,1551359826.472477
1.0,6149.0,1551359826.6107874
1.0,6152.0,1551359826.6500607
1.0,6155.0,1551359826.6939332
1.0,6156.0,1551359826.7099023
1.0,6157.0,1551359826.7261689
1.0,6158.0,1551359826.7430449
1.0,6159.0,1551359826.759823
1.0,6160.0,1551359826.7765293
1.0,6161.0,1551359826.7952921
2.0,6162.0,1551359826.8116283
3.0,6163.0,1551359826.8269794
2.0,6164.0,1551359826.844778
2.0,6165.0,1551359826.8614047
2.0,6166.0,1551359826.8778234
1.0,6167.0,1551359826.8957367
1.0,6169.0,1551359826.9356427
1.0,6170.0,1551359826.9506586
1.0,6171.0,1551359826.966826
1.0,6172.0,1551359826.9823186
1.0,6173.0,1551359826.9978147
1.0,6174.0,1551359827.0126214
1.0,6175.0,1551359827.026934
1.0,6176.0,1551359827.0437741
1.0,6177.0,1551359827.059834
1.0,6178.0,1551359827.0769293
1.0,6179.0,1551359827.0938647
1.0,6180.0,1551359827.110759
2.0,6181.0,1551359827.127183
2.0,6182.0,1551359827.1445649
1.0,6183.0,1551359827.1611226
1.0,6184.0,1551359827.1772456
1.0,6185.0,1551359827.193683
1.0,6202.0,1551359827.460726
1.0,6205.0,1551359827.4994726
1.0,6206.0,1551359827.5131018
1.0,6216.0,1551359827.6414082
2.0,6217.0,1551359827.658814
1.0,6218.0,1551359827.6692617
1.0,6219.0,1551359827.6820674
1.0,6220.0,1551359827.697446
1.0,6221.0,1551359827.7094948
1.0,6222.0,1551359827.724932
1.0,6223.0,1551359827.7346628
2.0,6224.0,1551359827.7475584
1.0,6225.0,1551359827.7601361
1.0,6226.0,1551359827.7732892
1.0,6227.0,1551359827.783181
2.0,6228.0,1551359827.795948
1.0,6229.0,1551359827.8077695
2.0,6230.0,1551359827.8176444
1.0,6231.0,1551359827.8319964
2.0,6232.0,1551359827.843648
1.0,6233.0,1551359827.858922
1.0,6234.0,1551359827.8737974
2.0,6235.0,1551359827.8848443
2.0,6236.0,1551359827.9021704
1.0,6241.0,1551359827.9723809
1.0,6243.0,1551359827.9979618
1.0,6249.0,1551359828.0797145
1.0,6251.0,1551359828.1093466
1.0,6252.0,1551359828.1269433
1.0,6257.0,1551359828.1992826
1.0,6258.0,1551359828.215757
1.0,6259.0,1551359828.2335274
1.0,6261.0,1551359828.2646675
1.0,6272.0,1551359828.4458408
1.0,6276.0,1551359828.509273
1.0,6293.0,1551359828.7589524
1.0,6307.0,1551359828.9244707
1.0,6308.0,1551359828.9328094
2.0,6309.0,1551359828.9454432
2.0,6310.0,1551359828.956572
2.0,6313.0,1551359828.9906347
1.0,6315.0,1551359829.0046036
1.0,6318.0,1551359829.0281541
1.0,6319.0,1551359829.0428839
1.0,6320.0,1551359829.0531995
1.0,6323.0,1551359829.078067
1.0,6324.0,1551359829.086831
1.0,6325.0,1551359829.0962467
1.0,6326.0,1551359829.1047406
1.0,6327.0,1551359829.1132834
1.0,6334.0,1551359829.1794524
1.0,6336.0,1551359829.196393
2.0,6338.0,1551359829.2114177
1.0,6339.0,1551359829.2200441
2.0,6341.0,1551359829.236575
1.0,6342.0,1551359829.2465887
2.0,6343.0,1551359829.2551858
1.0,6344.0,1551359829.2635252
1.0,6345.0,1551359829.2732513
1.0,6346.0,1551359829.2808473
1.0,6347.0,1551359829.2925973
2.0,6348.0,1551359829.3060668
1.0,6349.0,1551359829.318556
1.0,6350.0,1551359829.3322344
1.0,6351.0,1551359829.3510218
2.0,6352.0,1551359829.364586
1.0,6353.0,1551359829.379075
1.0,6354.0,1551359829.3946025
1.0,6355.0,1551359829.4146695
1.0,6356.0,1551359829.43294
1.0,6368.0,1551359829.5949123
1.0,6371.0,1551359829.6368532
1.0,6373.0,1551359829.670121
1.0,6376.0,1551359829.7253578
1.0,6387.0,1551359829.961795
1.0,6410.0,1551359830.3827758
1.0,6413.0,1551359830.4334092
1.0,6422.0,1551359830.6024258
1.0,6430.0,1551359830.741025
1.0,6433.0,1551359830.7861693
1.0,6443.0,1551359830.93373
1.0,6454.0,1551359831.0619903
1.0,6460.0,1551359831.1248267
1.0,6465.0,1551359831.1825569
2.0,6466.0,1551359831.1969786
1.0,6467.0,1551359831.2133856
1.0,6468.0,1551359831.2242029
1.0,6472.0,1551359831.2735538
1.0,6473.0,1551359831.2906952
1.0,6474.0,1551359831.3016717
2.0,6475.0,1551359831.3136573
1.0,6476.0,1551359831.3260324
1.0,6477.0,1551359831.3395314
1.0,6478.0,1551359831.3495624
2.0,6479.0,1551359831.3620636
1.0,6480.0,1551359831.374237
1.0,6481.0,1551359831.388545
3.0,6482.0,1551359831.4036684
1.0,6483.0,1551359831.435637
1.0,6484.0,1551359831.4521983
1.0,6485.0,1551359831.4654226
1.0,6486.0,1551359831.4761143
1.0,6487.0,1551359831.489391
1.0,6489.0,1551359831.5103562
1.0,6491.0,1551359831.5400937
1.0,6493.0,1551359831.5640118
1.0,6494.0,1551359831.5752437
1.0,6495.0,1551359831.5897996
1.0,6496.0,1551359831.6000426
1.0,6497.0,1551359831.6108594
1.0,6498.0,1551359831.62329
1.0,6499.0,1551359831.633176
1.0,6500.0,1551359831.6463785
1.0,6501.0,1551359831.6579597
1.0,6502.0,1551359831.6717465
1.0,6503.0,1551359831.6818006
1.0,6504.0,1551359831.6984918
3.0,6505.0,1551359831.7107477
1.0,6506.0,1551359831.724449
1.0,6507.0,1551359831.740139
2.0,6520.0,1551359831.8817918
1.0,6523.0,1551359831.9244964
1.0,6525.0,1551359831.9601963
1.0,6527.0,1551359831.994028
1.0,6530.0,1551359832.0445907
1.0,6533.0,1551359832.0947587
1.0,6538.0,1551359832.184299
1.0,6541.0,1551359832.237957
1.0,6543.0,1551359832.2716222
1.0,6545.0,1551359832.3034775
1.0,6550.0,1551359832.3977308
1.0,6557.0,1551359832.5112553
2.0,6558.0,1551359832.5234895
1.0,6559.0,1551359832.5376601
1.0,6560.0,1551359832.5498405
1.0,6561.0,1551359832.5649388
1.0,6562.0,1551359832.577635
1.0,6564.0,1551359832.6012177
1.0,6565.0,1551359832.6148858
1.0,6566.0,1551359832.6262484
1.0,6567.0,1551359832.6399424
1.0,6568.0,1551359832.6524901
2.0,6569.0,1551359832.6632047
1.0,6570.0,1551359832.674255
1.0,6577.0,1551359832.764045
1.0,6587.0,1551359832.8582091
1.0,6588.0,1551359832.8682542
1.0,6589.0,1551359832.8810668
1.0,6590.0,1551359832.8947518
3.0,6591.0,1551359832.9031847
1.0,6592.0,1551359832.9135606
1.0,6593.0,1551359832.9232156
1.0,6594.0,1551359832.9347456
1.0,6595.0,1551359832.9440842
1.0,6596.0,1551359832.9574573
1.0,6597.0,1551359832.9681437
2.0,6598.0,1551359832.9775238
1.0,6599.0,1551359832.985999
1.0,6600.0,1551359832.994983
1.0,6601.0,1551359833.0024054
2.0,6602.0,1551359833.0111232
2.0,6603.0,1551359833.0248966
1.0,6604.0,1551359833.034841
1.0,6605.0,1551359833.0444477
1.0,6606.0,1551359833.059254
1.0,6610.0,1551359833.1151426
1.0,6612.0,1551359833.145891
1.0,6615.0,1551359833.1950846
1.0,6617.0,1551359833.2271476
1.0,6619.0,1551359833.263417
1.0,6627.0,1551359833.400588
1.0,6638.0,1551359833.5772462
1.0,6658.0,1551359833.9552264
1.0,6670.0,1551359834.1744828
1.0,6684.0,1551359834.4283638
1.0,6692.0,1551359834.558633
1.0,6695.0,1551359834.6083531
1.0,6697.0,1551359834.6398838
1.0,6711.0,1551359834.8635619
1.0,6721.0,1551359835.0285196
1.0,6724.0,1551359835.0664928
1.0,6733.0,1551359835.175613
1.0,6734.0,1551359835.1853755
1.0,6735.0,1551359835.1940496
1.0,6736.0,1551359835.2022948
1.0,6737.0,1551359835.2107348
1.0,6738.0,1551359835.2190764
1.0,6746.0,1551359835.3124762
1.0,6747.0,1551359835.3250494
3.0,6748.0,1551359835.3344603
2.0,6749.0,1551359835.3468626
1.0,6750.0,1551359835.356033
1.0,6751.0,1551359835.3634973
1.0,6756.0,1551359835.4102557
1.0,6758.0,1551359835.4293778
1.0,6759.0,1551359835.4383967
1.0,6760.0,1551359835.44602
1.0,6765.0,1551359835.491557
1.0,6768.0,1551359835.5411036
1.0,6769.0,1551359835.5592804
1.0,6783.0,1551359835.8152099
1.0,6790.0,1551359835.9166894
1.0,6791.0,1551359835.9285371
1.0,6793.0,1551359835.9476013
2.0,6794.0,1551359835.960339
1.0,6795.0,1551359835.974449
1.0,6796.0,1551359835.9886818
1.0,6797.0,1551359835.9985971
1.0,6798.0,1551359836.01004
2.0,6799.0,1551359836.02353
2.0,6800.0,1551359836.0366538
1.0,6801.0,1551359836.0473778
1.0,6802.0,1551359836.0600634
1.0,6805.0,1551359836.0933895
1.0,6814.0,1551359836.190519
3.0,6815.0,1551359836.2004771
1.0,6816.0,1551359836.2097678
2.0,6817.0,1551359836.2220936
1.0,6818.0,1551359836.2302759
2.0,6819.0,1551359836.2432892
2.0,6820.0,1551359836.2520382
1.0,6821.0,1551359836.2603827
2.0,6822.0,1551359836.2756493
2.0,6823.0,1551359836.2841587
1.0,6824.0,1551359836.2936318
1.0,6825.0,1551359836.3019443
1.0,6826.0,1551359836.3108346
1.0,6827.0,1551359836.3199267
1.0,6828.0,1551359836.334854
1.0,6829.0,1551359836.344612
1.0,6830.0,1551359836.3526764
1.0,6833.0,1551359836.3867602
1.0,6834.0,1551359836.3965971
1.0,6835.0,1551359836.408219
1.0,6837.0,1551359836.4364
1.0,6838.0,1551359836.4532819
1.0,6845.0,1551359836.5430157
1.0,6847.0,1551359836.5790462
1.0,6855.0,1551359836.7103748
1.0,6857.0,1551359836.7433932
1.0,6861.0,1551359836.809324
1.0,6867.0,1551359836.9023936
1.0,6870.0,1551359836.9524148
2.0,6884.0,1551359837.176938
1.0,6902.0,1551359837.4780238
1.0,6913.0,1551359837.658473
1.0,6921.0,1551359837.7953115
1.0,6926.0,1551359837.8802698
1.0,6927.0,1551359837.8979473
1.0,6937.0,1551359838.0700457
1.0,6956.0,1551359838.3263774
1.0,6957.0,1551359838.3377728
1.0,6958.0,1551359838.354335
1.0,6965.0,1551359838.4302447
1.0,6966.0,1551359838.442124
1.0,6968.0,1551359838.469698
1.0,6971.0,1551359838.499069
1.0,6973.0,1551359838.521448
1.0,6974.0,1551359838.5355835
1.0,6977.0,1551359838.5787575
1.0,6978.0,1551359838.593222
1.0,6979.0,1551359838.6095414
1.0,6980.0,1551359838.626563
1.0,6981.0,1551359838.640833
2.0,6982.0,1551359838.6575933
2.0,6983.0,1551359838.6709409
2.0,6984.0,1551359838.6816893
1.0,6985.0,1551359838.6941743
2.0,6986.0,1551359838.7076912
2.0,6987.0,1551359838.7204206
1.0,6988.0,1551359838.7308023
1.0,6989.0,1551359838.7424183
2.0,6990.0,1551359838.7546155
2.0,6991.0,1551359838.7684307
1.0,6992.0,1551359838.785298
1.0,6993.0,1551359838.802292
1.0,6994.0,1551359838.8194044
1.0,6995.0,1551359838.8337915
1.0,6996.0,1551359838.8470795
1.0,6997.0,1551359838.8612735
1.0,6998.0,1551359838.8756042
1.0,6999.0,1551359838.8902497
1.0,7001.0,1551359838.9271367
1.0,7002.0,1551359838.9425828
3.0,7003.0,1551359838.9570863
1.0,7004.0,1551359838.972845
1.0,7005.0,1551359838.988888
1.0,7006.0,1551359839.0056062
1.0,7007.0,1551359839.0240288
1.0,7008.0,1551359839.039468
1.0,7009.0,1551359839.0562472
1.0,7010.0,1551359839.07331
1.0,7013.0,1551359839.117488
1.0,7017.0,1551359839.1719122
1.0,7022.0,1551359839.2352943
1.0,7026.0,1551359839.2944267
1.0,7030.0,1551359839.3525417
1.0,7034.0,1551359839.4057703
1.0,7035.0,1551359839.4262953
1.0,7044.0,1551359839.556387
1.0,7045.0,1551359839.5722
1.0,7046.0,1551359839.5886266
1.0,7047.0,1551359839.6060863
1.0,7057.0,1551359839.7496262
1.0,7061.0,1551359839.8057456
1.0,7063.0,1551359839.8339686
2.0,7068.0,1551359839.9015026
1.0,7070.0,1551359839.9281316
1.0,7074.0,1551359839.9846928
1.0,7082.0,1551359840.089116
1.0,7085.0,1551359840.1415079
1.0,7092.0,1551359840.2617881
1.0,7108.0,1551359840.5493126
1.0,7117.0,1551359840.695756
1.0,7119.0,1551359840.7288632
1.0,7120.0,1551359840.7455194
1.0,7121.0,1551359840.7618985
1.0,7122.0,1551359840.7782602
1.0,7123.0,1551359840.7950084
1.0,7124.0,1551359840.8116934
1.0,7125.0,1551359840.8279464
1.0,7126.0,1551359840.844132
1.0,7127.0,1551359840.8613539
1.0,7128.0,1551359840.8799582
1.0,7129.0,1551359840.8943768
1.0,7130.0,1551359840.9064791
1.0,7131.0,1551359840.9186265
1.0,7132.0,1551359840.9285388
1.0,7133.0,1551359840.9375238
1.0,7135.0,1551359840.957949
1.0,7137.0,1551359840.9771962
1.0,7140.0,1551359841.0020843
1.0,7141.0,1551359841.0175996
1.0,7144.0,1551359841.0405264
1.0,7147.0,1551359841.0660727
2.0,7148.0,1551359841.0791378
1.0,7150.0,1551359841.0966
1.0,7151.0,1551359841.1094396
1.0,7152.0,1551359841.1207933
1.0,7153.0,1551359841.1347647
1.0,7154.0,1551359841.1457305
1.0,7155.0,1551359841.1584551
1.0,7163.0,1551359841.2258558
1.0,7173.0,1551359841.3154187
2.0,7175.0,1551359841.3326201
1.0,7176.0,1551359841.3421783
1.0,7177.0,1551359841.3506496
2.0,7178.0,1551359841.3590434
2.0,7179.0,1551359841.3675663
1.0,7180.0,1551359841.3832517
3.0,7181.0,1551359841.3926172
3.0,7182.0,1551359841.4066494
3.0,7183.0,1551359841.4158347
1.0,7184.0,1551359841.4257152
1.0,7185.0,1551359841.4343398
2.0,7186.0,1551359841.4529274
2.0,7187.0,1551359841.4603996
1.0,7188.0,1551359841.4693332
2.0,7189.0,1551359841.4833045
2.0,7190.0,1551359841.4941947
2.0,7191.0,1551359841.5068705
2.0,7192.0,1551359841.5171554
2.0,7193.0,1551359841.5318403
2.0,7194.0,1551359841.5427086
2.0,7195.0,1551359841.5503182
2.0,7196.0,1551359841.5621586
2.0,7197.0,1551359841.574115
3.0,7198.0,1551359841.5859573
2.0,7199.0,1551359841.5995698
2.0,7200.0,1551359841.6155837
3.0,7201.0,1551359841.6291273
2.0,7202.0,1551359841.6454613
2.0,7203.0,1551359841.6621203
1.0,7204.0,1551359841.6831987
1.0,7233.0,1551359842.2137809
2.0,7234.0,1551359842.2298548
1.0,7235.0,1551359842.24553
1.0,7243.0,1551359842.374788
1.0,7244.0,1551359842.392656
1.0,7252.0,1551359842.5278
1.0,7253.0,1551359842.5458083
1.0,7262.0,1551359842.6908443
1.0,7265.0,1551359842.7407742
1.0,7267.0,1551359842.7707741
1.0,7279.0,1551359842.9059525
1.0,7283.0,1551359842.961354
1.0,7284.0,1551359842.9824636
1.0,7287.0,1551359843.0265336
1.0,7288.0,1551359843.0406613
1.0,7292.0,1551359843.0894766
1.0,7293.0,1551359843.106845
1.0,7297.0,1551359843.1605184
1.0,7299.0,1551359843.1893146
1.0,7309.0,1551359843.3550231
1.0,7314.0,1551359843.4415424
1.0,7319.0,1551359843.5236292
1.0,7332.0,1551359843.7400393
1.0,7334.0,1551359843.7769306
1.0,7343.0,1551359843.9243052
1.0,7359.0,1551359844.1967468
1.0,7367.0,1551359844.3068187
1.0,7371.0,1551359844.3662243
1.0,7372.0,1551359844.3801877
1.0,7373.0,1551359844.3967066
1.0,7374.0,1551359844.41091
1.0,7386.0,1551359844.5507023
1.0,7396.0,1551359844.6563244
2.0,7399.0,1551359844.6963184
1.0,7400.0,1551359844.707756
1.0,7401.0,1551359844.7187374
1.0,7402.0,1551359844.7316756
1.0,7411.0,1551359844.833833
1.0,7412.0,1551359844.848973
1.0,7413.0,1551359844.8641753
1.0,7419.0,1551359844.9625776
1.0,7423.0,1551359845.0277205
1.0,7440.0,1551359845.3057282
1.0,7447.0,1551359845.4238348
1.0,7454.0,1551359845.5404098
1.0,7474.0,1551359845.8083222
2.0,7475.0,1551359845.8216906
1.0,7476.0,1551359845.8397384
1.0,7477.0,1551359845.8557498
1.0,7478.0,1551359845.8712063
1.0,7479.0,1551359845.8878202
1.0,7480.0,1551359845.9046414
1.0,7481.0,1551359845.9201593
1.0,7482.0,1551359845.936641
1.0,7483.0,1551359845.9529858
1.0,7484.0,1551359845.9701777
1.0,7485.0,1551359845.9864886
1.0,7486.0,1551359846.0050187
1.0,7488.0,1551359846.0385852
1.0,7490.0,1551359846.066415
1.0,7496.0,1551359846.1477997
1.0,7497.0,1551359846.1640024
1.0,7499.0,1551359846.1909728
1.0,7501.0,1551359846.21914
1.0,7504.0,1551359846.2590203
1.0,7508.0,1551359846.3101292
1.0,7513.0,1551359846.38119
1.0,7515.0,1551359846.4078496
1.0,7516.0,1551359846.421959
2.0,7517.0,1551359846.437559
1.0,7518.0,1551359846.4531102
2.0,7519.0,1551359846.4696114
2.0,7520.0,1551359846.4832911
2.0,7521.0,1551359846.4946616
2.0,7522.0,1551359846.505703
2.0,7523.0,1551359846.5175903
2.0,7524.0,1551359846.5332417
1.0,7525.0,1551359846.5452728
2.0,7526.0,1551359846.5533655
1.0,7527.0,1551359846.5652797
1.0,7528.0,1551359846.5744355
1.0,7529.0,1551359846.5833974
1.0,7530.0,1551359846.5912654
1.0,7531.0,1551359846.5998666
1.0,7532.0,1551359846.608902
1.0,7533.0,1551359846.6200309
1.0,7534.0,1551359846.630273
1.0,7535.0,1551359846.6391604
2.0,7536.0,1551359846.6537833
1.0,7537.0,1551359846.6635873
1.0,7538.0,1551359846.675369
2.0,7539.0,1551359846.6865857
2.0,7540.0,1551359846.696841
2.0,7541.0,1551359846.7060995
1.0,7542.0,1551359846.7140784
1.0,7543.0,1551359846.7231803
1.0,7544.0,1551359846.7315173
1.0,7545.0,1551359846.7434406
1.0,7546.0,1551359846.7569234
1.0,7547.0,1551359846.7644851
2.0,7549.0,1551359846.7804122
1.0,7550.0,1551359846.790031
1.0,7551.0,1551359846.7985106
1.0,7552.0,1551359846.8082156
1.0,7555.0,1551359846.8432717
1.0,7556.0,1551359846.8553941
1.0,7561.0,1551359846.9301887
1.0,7563.0,1551359846.9626155
1.0,7569.0,1551359847.0698304
1.0,7599.0,1551359847.5818524
1.0,7603.0,1551359847.6146305
1.0,7610.0,1551359847.6723397
1.0,7611.0,1551359847.6802
1.0,7615.0,1551359847.7131054
1.0,7617.0,1551359847.7328963
1.0,7618.0,1551359847.747453
2.0,7619.0,1551359847.7563019
2.0,7620.0,1551359847.7645957
1.0,7621.0,1551359847.7742867
1.0,7622.0,1551359847.783034
2.0,7623.0,1551359847.797866
2.0,7624.0,1551359847.8138738
3.0,7625.0,1551359847.8216057
2.0,7626.0,1551359847.8334107
2.0,7627.0,1551359847.8456469
2.0,7628.0,1551359847.8570774
2.0,7629.0,1551359847.8679743
3.0,7630.0,1551359847.8826106
2.0,7631.0,1551359847.8956056
3.0,7632.0,1551359847.9073381
2.0,7633.0,1551359847.917686
3.0,7634.0,1551359847.933266
1.0,7635.0,1551359847.9503062
1.0,7636.0,1551359847.9669936
1.0,7637.0,1551359847.9822514
1.0,7638.0,1551359847.9988966
2.0,7639.0,1551359848.0158355
1.0,7697.0,1551359849.0323513
2.0,7698.0,1551359849.0453358
1.0,7704.0,1551359849.1158624
1.0,7708.0,1551359849.160867
1.0,7713.0,1551359849.2084715
1.0,7714.0,1551359849.2167637
1.0,7717.0,1551359849.2468758
1.0,7722.0,1551359849.28689
2.0,7725.0,1551359849.3127716
1.0,7731.0,1551359849.3636904
2.0,7732.0,1551359849.3723035
1.0,7735.0,1551359849.4026265
1.0,7736.0,1551359849.4126518
1.0,7737.0,1551359849.4217105
1.0,7738.0,1551359849.4296231
2.0,7739.0,1551359849.4389558
1.0,7740.0,1551359849.4472811
2.0,7741.0,1551359849.4562678
1.0,7742.0,1551359849.4651687
1.0,7743.0,1551359849.4745343
1.0,7744.0,1551359849.4839363
1.0,7745.0,1551359849.4919677
1.0,7746.0,1551359849.5000007
2.0,7747.0,1551359849.5140781
1.0,7748.0,1551359849.5228763
1.0,7749.0,1551359849.5363975
1.0,7750.0,1551359849.5464208
1.0,7751.0,1551359849.5599532
2.0,7752.0,1551359849.5767562
2.0,7760.0,1551359849.665657
1.0,7762.0,1551359849.6870663
2.0,7763.0,1551359849.6995854
1.0,7765.0,1551359849.7256236
1.0,7769.0,1551359849.7804596
2.0,7776.0,1551359849.8680837
1.0,7779.0,1551359849.9102702
2.0,7780.0,1551359849.9210885
1.0,7781.0,1551359849.932731
2.0,7782.0,1551359849.9453619
2.0,7783.0,1551359849.9565563
2.0,7784.0,1551359849.9671187
2.0,7785.0,1551359849.9783266
3.0,7786.0,1551359849.9890149
2.0,7787.0,1551359850.000078
4.0,7788.0,1551359850.0153992
2.0,7789.0,1551359850.0264704
2.0,7790.0,1551359850.038653
2.0,7791.0,1551359850.0497227
3.0,7792.0,1551359850.0632951
2.0,7793.0,1551359850.0760646
2.0,7794.0,1551359850.0922914
3.0,7795.0,1551359850.1084688
2.0,7796.0,1551359850.1254568
1.0,7813.0,1551359850.438461
1.0,7815.0,1551359850.4763207
1.0,7817.0,1551359850.511699
1.0,7834.0,1551359850.8311443
1.0,7871.0,1551359851.5059507
1.0,7872.0,1551359851.522041
1.0,7873.0,1551359851.539076
1.0,7874.0,1551359851.554503
1.0,7875.0,1551359851.5711257
1.0,7880.0,1551359851.631931
1.0,7881.0,1551359851.6432087
1.0,7891.0,1551359851.728397
2.0,7894.0,1551359851.7553153
1.0,7896.0,1551359851.772435
1.0,7898.0,1551359851.7906055
1.0,7900.0,1551359851.8117452
1.0,7901.0,1551359851.8267217
1.0,7904.0,1551359851.852888
1.0,7905.0,1551359851.8624082
2.0,7918.0,1551359851.9981554
1.0,7919.0,1551359852.0128376
1.0,7921.0,1551359852.0466444
1.0,7923.0,1551359852.074985
1.0,7924.0,1551359852.089557
1.0,7926.0,1551359852.1179872
1.0,7931.0,1551359852.1911023
1.0,7936.0,1551359852.2794635
1.0,7943.0,1551359852.3837774
2.0,7949.0,1551359852.4689999
2.0,7959.0,1551359852.6166015
1.0,7961.0,1551359852.6476629
1.0,7962.0,1551359852.6633074
1.0,7968.0,1551359852.7461994
2.0,7973.0,1551359852.7981837
1.0,7976.0,1551359852.844611
1.0,7978.0,1551359852.8708818
1.0,7984.0,1551359852.9354253
1.0,7989.0,1551359852.9778907
1.0,7993.0,1551359853.0089931
2.0,7999.0,1551359853.0610893
2.0,8000.0,1551359853.0702722
1.0,8001.0,1551359853.079377
1.0,8002.0,1551359853.0878391
2.0,8003.0,1551359853.0965152
2.0,8004.0,1551359853.1080806
1.0,8006.0,1551359853.1329672
1.0,8007.0,1551359853.1446273
2.0,8008.0,1551359853.1535277
1.0,8009.0,1551359853.163831
1.0,8010.0,1551359853.1723907
2.0,8011.0,1551359853.1800337
3.0,8012.0,1551359853.1885767
1.0,8013.0,1551359853.196274
1.0,8014.0,1551359853.2045279
3.0,8015.0,1551359853.2128732
2.0,8016.0,1551359853.2219057
1.0,8017.0,1551359853.2296646
1.0,8018.0,1551359853.2380831
1.0,8019.0,1551359853.2480786
1.0,8020.0,1551359853.2561343
1.0,8021.0,1551359853.2692597
3.0,8022.0,1551359853.2823498
3.0,8023.0,1551359853.2996752
1.0,8030.0,1551359853.4002888
1.0,8043.0,1551359853.5129733
1.0,8044.0,1551359853.5218098
1.0,8045.0,1551359853.5321069
2.0,8046.0,1551359853.5459979
1.0,8047.0,1551359853.5540457
1.0,8048.0,1551359853.5674427
2.0,8049.0,1551359853.5778496
1.0,8050.0,1551359853.5861242
2.0,8051.0,1551359853.5948558
2.0,8052.0,1551359853.6043992
1.0,8053.0,1551359853.611855
1.0,8054.0,1551359853.6218293
1.0,8055.0,1551359853.6318483
1.0,8056.0,1551359853.6402173
1.0,8057.0,1551359853.649302
1.0,8059.0,1551359853.6744282
2.0,8060.0,1551359853.684218
1.0,8061.0,1551359853.6946027
1.0,8062.0,1551359853.702853
1.0,8063.0,1551359853.7126791
1.0,8064.0,1551359853.728798
1.0,8065.0,1551359853.7376173
1.0,8066.0,1551359853.7450008
1.0,8067.0,1551359853.7539392
1.0,8068.0,1551359853.763054
1.0,8069.0,1551359853.7718558
2.0,8070.0,1551359853.780662
1.0,8071.0,1551359853.7903037
1.0,8072.0,1551359853.7991536
1.0,8073.0,1551359853.8121672
1.0,8074.0,1551359853.8205967
1.0,8075.0,1551359853.8304722
2.0,8078.0,1551359853.8649542
1.0,8079.0,1551359853.8803854
1.0,8080.0,1551359853.8982227
2.0,8081.0,1551359853.910723
1.0,8082.0,1551359853.9253373
1.0,8083.0,1551359853.9410865
1.0,8084.0,1551359853.957155
2.0,8085.0,1551359853.9718723
2.0,8086.0,1551359853.9864638
1.0,8087.0,1551359854.0009966
1.0,8088.0,1551359854.017258
1.0,8089.0,1551359854.032851
1.0,8090.0,1551359854.049593
1.0,8091.0,1551359854.0659764
1.0,8092.0,1551359854.0828707
2.0,8093.0,1551359854.1008224
1.0,8094.0,1551359854.1174877
2.0,8095.0,1551359854.1339374
1.0,8097.0,1551359854.1749225
1.0,8098.0,1551359854.190894
1.0,8099.0,1551359854.2068474
1.0,8100.0,1551359854.2235732
1.0,8101.0,1551359854.2403774
1.0,8102.0,1551359854.257495
1.0,8103.0,1551359854.2744906
1.0,8104.0,1551359854.293157
1.0,8105.0,1551359854.3112166
1.0,8106.0,1551359854.3272765
1.0,8107.0,1551359854.3430638
1.0,8108.0,1551359854.3596568
2.0,8109.0,1551359854.377584
1.0,8110.0,1551359854.3968217
1.0,8111.0,1551359854.4173687
2.0,8112.0,1551359854.437438
1.0,8113.0,1551359854.4593954
1.0,8137.0,1551359854.9428122
1.0,8146.0,1551359855.1092854
1.0,8170.0,1551359855.5432906
1.0,8192.0,1551359855.893326
2.0,8197.0,1551359855.9331875
4.0,8210.0,1551359856.049204
2.0,8211.0,1551359856.060384
2.0,8212.0,1551359856.0735097
2.0,8213.0,1551359856.082537
2.0,8214.0,1551359856.0935547
3.0,8215.0,1551359856.1026387
2.0,8216.0,1551359856.1114504
2.0,8218.0,1551359856.1289735
2.0,8219.0,1551359856.137532
2.0,8225.0,1551359856.18681
1.0,8230.0,1551359856.2470515
1.0,8238.0,1551359856.346261
1.0,8245.0,1551359856.422886
1.0,8249.0,1551359856.4655156
1.0,8255.0,1551359856.5403078
1.0,8256.0,1551359856.5530028
2.0,8260.0,1551359856.598346
1.0,8264.0,1551359856.647095
1.0,8266.0,1551359856.6704605
2.0,8268.0,1551359856.6964686
2.0,8275.0,1551359856.7730067
1.0,8276.0,1551359856.7849133
1.0,8277.0,1551359856.796745
1.0,8283.0,1551359856.8649638
1.0,8285.0,1551359856.8884752
1.0,8289.0,1551359856.9313962
2.0,8293.0,1551359856.9799016
2.0,8295.0,1551359857.0081027
1.0,8296.0,1551359857.019608
1.0,8298.0,1551359857.0429087
1.0,8299.0,1551359857.059772
1.0,8300.0,1551359857.0717204
1.0,8301.0,1551359857.0853617
2.0,8302.0,1551359857.0975204
2.0,8303.0,1551359857.1088789
1.0,8304.0,1551359857.1200895
1.0,8305.0,1551359857.131712
3.0,8306.0,1551359857.1464698
1.0,8307.0,1551359857.159177
1.0,8308.0,1551359857.1708894
2.0,8309.0,1551359857.183318
2.0,8310.0,1551359857.1968982
1.0,8311.0,1551359857.2115564
1.0,8312.0,1551359857.2253091
1.0,8313.0,1551359857.2391236
1.0,8314.0,1551359857.2533357
2.0,8315.0,1551359857.2712195
1.0,8316.0,1551359857.2889478
2.0,8317.0,1551359857.3081684
1.0,8318.0,1551359857.3225205
1.0,8320.0,1551359857.358639
1.0,8321.0,1551359857.373226
1.0,8322.0,1551359857.3881269
1.0,8323.0,1551359857.4030807
1.0,8324.0,1551359857.4185927
1.0,8325.0,1551359857.4322364
1.0,8326.0,1551359857.4484224
1.0,8327.0,1551359857.4651637
1.0,8328.0,1551359857.4840512
1.0,8329.0,1551359857.4993308
1.0,8330.0,1551359857.5156028
2.0,8331.0,1551359857.5321672
1.0,8332.0,1551359857.55162
1.0,8333.0,1551359857.568588
1.0,8334.0,1551359857.585148
2.0,8335.0,1551359857.6023874
1.0,8392.0,1551359858.7416952
1.0,8403.0,1551359858.9235384
1.0,8406.0,1551359858.9638991
1.0,8409.0,1551359859.0004396
2.0,8412.0,1551359859.0313523
1.0,8413.0,1551359859.0453744
1.0,8414.0,1551359859.0557985
1.0,8415.0,1551359859.0643067
1.0,8424.0,1551359859.1433244
1.0,8425.0,1551359859.15109
1.0,8426.0,1551359859.1599305
1.0,8427.0,1551359859.168759
3.0,8429.0,1551359859.1963935
3.0,8430.0,1551359859.211947
3.0,8431.0,1551359859.220496
2.0,8432.0,1551359859.2291503
3.0,8433.0,1551359859.2368994
2.0,8434.0,1551359859.2445908
2.0,8435.0,1551359859.252998
2.0,8436.0,1551359859.261393
2.0,8437.0,1551359859.269387
2.0,8438.0,1551359859.277979
2.0,8439.0,1551359859.2864316
3.0,8440.0,1551359859.294809
3.0,8441.0,1551359859.302864
2.0,8442.0,1551359859.3107212
2.0,8443.0,1551359859.3192525
4.0,8444.0,1551359859.328551
2.0,8445.0,1551359859.3372228
1.0,8446.0,1551359859.3507235
1.0,8457.0,1551359859.5151865
1.0,8461.0,1551359859.5729406
1.0,8464.0,1551359859.6204548
2.0,8465.0,1551359859.630614
1.0,8466.0,1551359859.6393602
1.0,8468.0,1551359859.6603625
1.0,8472.0,1551359859.6988592
1.0,8476.0,1551359859.7331433
1.0,8477.0,1551359859.743028
1.0,8479.0,1551359859.7592642
1.0,8482.0,1551359859.7888348
1.0,8485.0,1551359859.8310814
1.0,8495.0,1551359859.9757304
1.0,8505.0,1551359860.1147876
1.0,8507.0,1551359860.1481469
1.0,8518.0,1551359860.3139372
1.0,8520.0,1551359860.3456392
2.0,8521.0,1551359860.3595798
1.0,8522.0,1551359860.3711765
2.0,8523.0,1551359860.3814487
2.0,8524.0,1551359860.3951983
3.0,8525.0,1551359860.4064274
1.0,8528.0,1551359860.447705
1.0,8530.0,1551359860.4748082
1.0,8533.0,1551359860.5075166
1.0,8538.0,1551359860.5623755
1.0,8539.0,1551359860.5746996
1.0,8540.0,1551359860.5856252
2.0,8541.0,1551359860.5998607
1.0,8542.0,1551359860.6184328
1.0,8543.0,1551359860.6325383
1.0,8544.0,1551359860.6480405
1.0,8545.0,1551359860.6643445
1.0,8546.0,1551359860.681183
2.0,8547.0,1551359860.697439
3.0,8548.0,1551359860.714681
1.0,8549.0,1551359860.7312949
1.0,8550.0,1551359860.747435
1.0,8551.0,1551359860.7640376
1.0,8552.0,1551359860.781023
1.0,8553.0,1551359860.7976003
1.0,8554.0,1551359860.8145475
1.0,8555.0,1551359860.8306904
1.0,8557.0,1551359860.8660543
1.0,8558.0,1551359860.8866408
1.0,8562.0,1551359860.9471505
1.0,8566.0,1551359861.0048275
1.0,8571.0,1551359861.0711455
1.0,8575.0,1551359861.125643
1.0,8579.0,1551359861.1863525
1.0,8590.0,1551359861.3692894
1.0,8596.0,1551359861.4718978
1.0,8613.0,1551359861.7205522
1.0,8615.0,1551359861.7488997
1.0,8623.0,1551359861.8390446
1.0,8628.0,1551359861.888387
2.0,8629.0,1551359861.8972263
1.0,8630.0,1551359861.9084156
1.0,8631.0,1551359861.9165344
1.0,8633.0,1551359861.9431949
1.0,8634.0,1551359861.9506624
1.0,8635.0,1551359861.9596362
1.0,8636.0,1551359861.967452
3.0,8637.0,1551359861.9786344
1.0,8638.0,1551359861.9928005
1.0,8639.0,1551359861.999866
2.0,8640.0,1551359862.0091794
2.0,8641.0,1551359862.0178187
2.0,8642.0,1551359862.0275838
2.0,8643.0,1551359862.0360026
2.0,8644.0,1551359862.044716
2.0,8645.0,1551359862.0597436
3.0,8646.0,1551359862.0755067
4.0,8647.0,1551359862.08285
3.0,8648.0,1551359862.0920603
3.0,8649.0,1551359862.103202
2.0,8650.0,1551359862.1136181
2.0,8651.0,1551359862.1279974
2.0,8652.0,1551359862.1402378
2.0,8653.0,1551359862.1531746
4.0,8654.0,1551359862.1644049
2.0,8655.0,1551359862.1794698
2.0,8656.0,1551359862.1947794
2.0,8657.0,1551359862.2052028
3.0,8658.0,1551359862.216553
2.0,8659.0,1551359862.2283423
3.0,8660.0,1551359862.237528
2.0,8661.0,1551359862.2450216
2.0,8662.0,1551359862.258717
1.0,8664.0,1551359862.2905793
1.0,8665.0,1551359862.3042257
1.0,8666.0,1551359862.3175259
1.0,8667.0,1551359862.3321435
1.0,8668.0,1551359862.3473341
2.0,8669.0,1551359862.363606
1.0,8670.0,1551359862.380328
1.0,8671.0,1551359862.3970158
2.0,8672.0,1551359862.4135628
1.0,8673.0,1551359862.4300702
1.0,8674.0,1551359862.4468632
1.0,8675.0,1551359862.4636858
3.0,8676.0,1551359862.4802513
1.0,8677.0,1551359862.5024397
1.0,8678.0,1551359862.5159
2.0,8679.0,1551359862.5308897
1.0,8693.0,1551359862.7843544
1.0,8703.0,1551359862.9497821
1.0,8705.0,1551359862.9845011
1.0,8706.0,1551359863.0011876
1.0,8716.0,1551359863.1511111
1.0,8717.0,1551359863.167998
2.0,8718.0,1551359863.179986
1.0,8719.0,1551359863.194366
1.0,8720.0,1551359863.2055476
1.0,8721.0,1551359863.2200177
1.0,8722.0,1551359863.2323422
1.0,8723.0,1551359863.2450848
2.0,8724.0,1551359863.255871
1.0,8725.0,1551359863.2674122
2.0,8726.0,1551359863.2782128
1.0,8727.0,1551359863.2893164
1.0,8728.0,1551359863.302731
1.0,8729.0,1551359863.314864
1.0,8730.0,1551359863.3279648
1.0,8731.0,1551359863.3388636
1.0,8732.0,1551359863.3500092
2.0,8733.0,1551359863.361642
2.0,8737.0,1551359863.4327495
1.0,8751.0,1551359863.6117961
1.0,8754.0,1551359863.650693
1.0,8755.0,1551359863.6637132
1.0,8756.0,1551359863.680051
1.0,8770.0,1551359863.8846397
1.0,8771.0,1551359863.8977387
2.0,8772.0,1551359863.91681
1.0,8789.0,1551359864.1447742
1.0,8793.0,1551359864.1954222
1.0,8796.0,1551359864.2273273
1.0,8797.0,1551359864.2402923
1.0,8798.0,1551359864.251434
2.0,8804.0,1551359864.3195305
1.0,8807.0,1551359864.352721
2.0,8809.0,1551359864.3772893
1.0,8812.0,1551359864.4194224
1.0,8814.0,1551359864.4466577
1.0,8817.0,1551359864.4961996
1.0,8818.0,1551359864.514396
1.0,8819.0,1551359864.5297832
1.0,8828.0,1551359864.6595
2.0,8829.0,1551359864.6726644
1.0,8830.0,1551359864.6902478
1.0,8831.0,1551359864.7080834
1.0,8833.0,1551359864.7455454
1.0,8855.0,1551359865.096592
1.0,8856.0,1551359865.1102583
1.0,8857.0,1551359865.118916
1.0,8860.0,1551359865.1416457
1.0,8870.0,1551359865.2240093
1.0,8874.0,1551359865.2580633
1.0,8875.0,1551359865.265953
1.0,8876.0,1551359865.2795212
2.0,8878.0,1551359865.296921
1.0,8880.0,1551359865.3139188
1.0,8881.0,1551359865.324935
2.0,8883.0,1551359865.344984
1.0,8884.0,1551359865.3555813
1.0,8886.0,1551359865.3792071
1.0,8888.0,1551359865.4112573
1.0,8889.0,1551359865.421929
1.0,8892.0,1551359865.4547243
1.0,8899.0,1551359865.525527
1.0,8900.0,1551359865.5366576
3.0,8902.0,1551359865.5600162
1.0,8904.0,1551359865.5814013
1.0,8905.0,1551359865.5936866
2.0,8906.0,1551359865.6072578
1.0,8920.0,1551359865.809427
1.0,8923.0,1551359865.8472958
1.0,8927.0,1551359865.908563
1.0,8934.0,1551359866.0092263
1.0,8941.0,1551359866.125311
1.0,8945.0,1551359866.2025166
1.0,8958.0,1551359866.4513843
1.0,8974.0,1551359866.737034
1.0,8979.0,1551359866.821138
1.0,8981.0,1551359866.8535035
1.0,8982.0,1551359866.8715088
1.0,8983.0,1551359866.8876255
2.0,8984.0,1551359866.9043748
1.0,8985.0,1551359866.921942
1.0,8986.0,1551359866.9390018
1.0,8987.0,1551359866.9562814
1.0,8988.0,1551359866.9729922
1.0,8989.0,1551359866.9915066
1.0,8990.0,1551359867.0080476
1.0,8991.0,1551359867.024517
1.0,8992.0,1551359867.0409863
1.0,8993.0,1551359867.0574079
1.0,8994.0,1551359867.0733936
1.0,8995.0,1551359867.0892258
2.0,8996.0,1551359867.1039052
1.0,8997.0,1551359867.1142085
1.0,8998.0,1551359867.1277235
1.0,8999.0,1551359867.1393058
1.0,9000.0,1551359867.1512778
1.0,9001.0,1551359867.1630154
2.0,9029.0,1551359867.4693365
1.0,9035.0,1551359867.5271199
1.0,9036.0,1551359867.539583
1.0,9039.0,1551359867.5635064
1.0,9045.0,1551359867.6230874
1.0,9047.0,1551359867.6399517
1.0,9048.0,1551359867.6479383
2.0,9049.0,1551359867.657816
2.0,9052.0,1551359867.6855104
1.0,9057.0,1551359867.7436023
1.0,9058.0,1551359867.7559743
1.0,9060.0,1551359867.7861896
1.0,9061.0,1551359867.8010087
1.0,9073.0,1551359867.9429464
2.0,9075.0,1551359867.9683623
1.0,9077.0,1551359867.9992979
1.0,9079.0,1551359868.0326378
1.0,9089.0,1551359868.1947873
1.0,9094.0,1551359868.2680123
1.0,9095.0,1551359868.282188
1.0,9096.0,1551359868.2961638
1.0,9097.0,1551359868.311734
1.0,9098.0,1551359868.3282645
2.0,9099.0,1551359868.3446758
1.0,9100.0,1551359868.3612924
2.0,9101.0,1551359868.375331
2.0,9102.0,1551359868.3889332
2.0,9103.0,1551359868.4033537
2.0,9104.0,1551359868.4200478
1.0,9105.0,1551359868.4369988
1.0,9106.0,1551359868.4534194
1.0,9107.0,1551359868.469904
2.0,9108.0,1551359868.4882514
1.0,9109.0,1551359868.5102475
1.0,9110.0,1551359868.5261586
1.0,9111.0,1551359868.542351
1.0,9112.0,1551359868.5593438
1.0,9113.0,1551359868.5761194
1.0,9114.0,1551359868.5920815
1.0,9115.0,1551359868.6078658
1.0,9116.0,1551359868.6243076
1.0,9124.0,1551359868.7462287
1.0,9133.0,1551359868.8720195
1.0,9136.0,1551359868.9118612
1.0,9138.0,1551359868.9476132
1.0,9142.0,1551359869.0168326
1.0,9146.0,1551359869.0814838
1.0,9158.0,1551359869.2222805
1.0,9160.0,1551359869.2475533
1.0,9162.0,1551359869.2762308
1.0,9163.0,1551359869.2881193
1.0,9164.0,1551359869.3028057
1.0,9165.0,1551359869.314658
1.0,9166.0,1551359869.3267555
1.0,9167.0,1551359869.3385537
2.0,9168.0,1551359869.3493085
1.0,9169.0,1551359869.3607562
1.0,9170.0,1551359869.3730507
2.0,9171.0,1551359869.3841326
1.0,9172.0,1551359869.3947911
1.0,9173.0,1551359869.4100158
2.0,9174.0,1551359869.422142
2.0,9175.0,1551359869.4330394
1.0,9176.0,1551359869.4442902
1.0,9177.0,1551359869.4586794
1.0,9183.0,1551359869.5259469
1.0,9184.0,1551359869.5364256
1.0,9186.0,1551359869.5592256
1.0,9187.0,1551359869.5713322
2.0,9188.0,1551359869.5823383
2.0,9189.0,1551359869.5942295
1.0,9190.0,1551359869.609074
1.0,9191.0,1551359869.6210344
1.0,9192.0,1551359869.631883
1.0,9193.0,1551359869.6437132
1.0,9194.0,1551359869.6590943
2.0,9195.0,1551359869.6693926
1.0,9196.0,1551359869.6836526
1.0,9197.0,1551359869.6987972
2.0,9198.0,1551359869.712624
3.0,9199.0,1551359869.730511
3.0,9200.0,1551359869.746341
2.0,9201.0,1551359869.7623744
2.0,9203.0,1551359869.7952013
2.0,9204.0,1551359869.809155
2.0,9205.0,1551359869.8210826
2.0,9206.0,1551359869.832131
2.0,9207.0,1551359869.8440368
2.0,9208.0,1551359869.857005
2.0,9209.0,1551359869.8691175
2.0,9210.0,1551359869.880325
2.0,9211.0,1551359869.8924267
2.0,9212.0,1551359869.903691
2.0,9213.0,1551359869.9154055
3.0,9214.0,1551359869.9274993
2.0,9215.0,1551359869.9423506
2.0,9216.0,1551359869.9530635
4.0,9217.0,1551359869.9648268
1.0,9218.0,1551359869.976972
2.0,9219.0,1551359869.9924996
2.0,9220.0,1551359870.007708
1.0,9222.0,1551359870.0390682
1.0,9223.0,1551359870.0557063
1.0,9224.0,1551359870.0722651
1.0,9225.0,1551359870.0889623
1.0,9226.0,1551359870.105695
1.0,9227.0,1551359870.1231823
1.0,9228.0,1551359870.1397076
1.0,9229.0,1551359870.1562512
1.0,9230.0,1551359870.1728032
1.0,9231.0,1551359870.1898787
1.0,9233.0,1551359870.2326398
1.0,9234.0,1551359870.2488673
1.0,9235.0,1551359870.2656462
1.0,9236.0,1551359870.2823856
1.0,9237.0,1551359870.2992437
1.0,9238.0,1551359870.3168929
1.0,9239.0,1551359870.3331747
1.0,9240.0,1551359870.3498318
1.0,9241.0,1551359870.3705244
1.0,9242.0,1551359870.3873932
1.0,9243.0,1551359870.404254
1.0,9244.0,1551359870.4221509
1.0,9245.0,1551359870.4391668
1.0,9246.0,1551359870.4560215
1.0,9247.0,1551359870.4730067
1.0,9257.0,1551359870.6516802
1.0,9305.0,1551359871.5719457
1.0,9311.0,1551359871.6602185
1.0,9314.0,1551359871.692946
1.0,9322.0,1551359871.7614517
1.0,9326.0,1551359871.8071005
1.0,9327.0,1551359871.8143687
2.0,9328.0,1551359871.8245928
3.0,9329.0,1551359871.8318217
1.0,9330.0,1551359871.8402746
1.0,9331.0,1551359871.8482435
1.0,9332.0,1551359871.8567436
1.0,9333.0,1551359871.8650403
1.0,9335.0,1551359871.8912284
3.0,9338.0,1551359871.9121346
2.0,9339.0,1551359871.9218204
1.0,9342.0,1551359871.944712
1.0,9343.0,1551359871.9549997
1.0,9344.0,1551359871.9629803
1.0,9348.0,1551359872.0074162
2.0,9351.0,1551359872.0350304
1.0,9357.0,1551359872.1010716
1.0,9358.0,1551359872.1147566
1.0,9359.0,1551359872.127855
1.0,9360.0,1551359872.1412024
1.0,9361.0,1551359872.149137
2.0,9362.0,1551359872.1576042
1.0,9363.0,1551359872.165063
1.0,9364.0,1551359872.1740713
1.0,9365.0,1551359872.1828573
1.0,9366.0,1551359872.1939023
2.0,9367.0,1551359872.2050579
1.0,9373.0,1551359872.2595959
1.0,9374.0,1551359872.2680466
1.0,9380.0,1551359872.3168566
1.0,9384.0,1551359872.349016
1.0,9385.0,1551359872.361121
1.0,9386.0,1551359872.3745291
1.0,9390.0,1551359872.429083
1.0,9393.0,1551359872.4696243
2.0,9395.0,1551359872.4955235
1.0,9400.0,1551359872.579516
1.0,9405.0,1551359872.6738849
1.0,9420.0,1551359872.9419246
1.0,9423.0,1551359872.9969258
1.0,9424.0,1551359873.0183983
1.0,9425.0,1551359873.0375586
1.0,9426.0,1551359873.0561757
2.0,9427.0,1551359873.0751634
1.0,9428.0,1551359873.0940402
1.0,9429.0,1551359873.114979
1.0,9430.0,1551359873.134326
1.0,9431.0,1551359873.1537728
1.0,9432.0,1551359873.170719
1.0,9433.0,1551359873.1875765
1.0,9434.0,1551359873.2044868
1.0,9435.0,1551359873.2213314
1.0,9436.0,1551359873.2386637
1.0,9437.0,1551359873.2559679
1.0,9438.0,1551359873.2734005
1.0,9439.0,1551359873.2915769
1.0,9440.0,1551359873.308712
1.0,9441.0,1551359873.3244584
1.0,9442.0,1551359873.3381104
1.0,9443.0,1551359873.3528426
1.0,9444.0,1551359873.3666883
1.0,9445.0,1551359873.3873155
1.0,9446.0,1551359873.4020193
1.0,9447.0,1551359873.4168477
1.0,9448.0,1551359873.4299636
1.0,9449.0,1551359873.4440258
1.0,9450.0,1551359873.4604106
1.0,9451.0,1551359873.476286
2.0,9452.0,1551359873.4931495
1.0,9453.0,1551359873.5095685
1.0,9454.0,1551359873.5267494
1.0,9455.0,1551359873.543047
1.0,9456.0,1551359873.560514
1.0,9457.0,1551359873.576632
1.0,9458.0,1551359873.59298
1.0,9460.0,1551359873.6220837
1.0,9466.0,1551359873.7188382
1.0,9475.0,1551359873.861693
2.0,9477.0,1551359873.8928742
1.0,9479.0,1551359873.9220157
1.0,9481.0,1551359873.9491942
1.0,9483.0,1551359873.977153
1.0,9485.0,1551359874.0083497
1.0,9488.0,1551359874.0631416
1.0,9498.0,1551359874.2096963
1.0,9511.0,1551359874.3839185
1.0,9516.0,1551359874.4421775
1.0,9518.0,1551359874.467931
2.0,9519.0,1551359874.479095
1.0,9520.0,1551359874.495957
1.0,9524.0,1551359874.543564
1.0,9525.0,1551359874.557162
1.0,9527.0,1551359874.5774305
1.0,9534.0,1551359874.6574128
1.0,9535.0,1551359874.6685424
1.0,9539.0,1551359874.7119374
1.0,9540.0,1551359874.7270067
1.0,9545.0,1551359874.794564
1.0,9546.0,1551359874.8117852
1.0,9547.0,1551359874.8249826
1.0,9550.0,1551359874.8549876
1.0,9551.0,1551359874.863047
1.0,9564.0,1551359874.966107
1.0,9566.0,1551359874.9806392
1.0,9569.0,1551359875.004865
1.0,9571.0,1551359875.0249507
1.0,9573.0,1551359875.0451996
1.0,9574.0,1551359875.0547662
1.0,9589.0,1551359875.1911654
1.0,9592.0,1551359875.2299492
1.0,9593.0,1551359875.2466688
1.0,9594.0,1551359875.272585
1.0,9602.0,1551359875.3793201
1.0,9604.0,1551359875.4096842
1.0,9608.0,1551359875.461402
1.0,9610.0,1551359875.488991
2.0,9611.0,1551359875.506857
1.0,9614.0,1551359875.55585
1.0,9617.0,1551359875.6084166
1.0,9626.0,1551359875.775454
1.0,9674.0,1551359876.6265576
1.0,9680.0,1551359876.7001102
1.0,9681.0,1551359876.7119322
2.0,9685.0,1551359876.756759
1.0,9686.0,1551359876.7682097
1.0,9687.0,1551359876.7784922
1.0,9688.0,1551359876.790666
1.0,9689.0,1551359876.8015969
1.0,9690.0,1551359876.811709
1.0,9691.0,1551359876.8243566
1.0,9693.0,1551359876.8439636
1.0,9694.0,1551359876.8574085
1.0,9695.0,1551359876.8646204
1.0,9697.0,1551359876.888025
1.0,9698.0,1551359876.89524
1.0,9699.0,1551359876.905008
1.0,9702.0,1551359876.9279537
1.0,9703.0,1551359876.9431615
1.0,9704.0,1551359876.9542234
1.0,9707.0,1551359876.9772422
1.0,9711.0,1551359877.016864
2.0,9712.0,1551359877.0312903
1.0,9713.0,1551359877.0418622
1.0,9719.0,1551359877.1218607
1.0,9720.0,1551359877.1360981
1.0,9722.0,1551359877.1609106
1.0,9725.0,1551359877.2007422
1.0,9727.0,1551359877.2270157
1.0,9730.0,1551359877.2817256
1.0,9731.0,1551359877.301242
1.0,9732.0,1551359877.315515
1.0,9733.0,1551359877.3289802
1.0,9734.0,1551359877.3435702
3.0,9735.0,1551359877.3596694
1.0,9736.0,1551359877.376011
1.0,9737.0,1551359877.3922687
1.0,9738.0,1551359877.408516
1.0,9739.0,1551359877.4251697
1.0,9740.0,1551359877.4441085
1.0,9741.0,1551359877.4592159
1.0,9742.0,1551359877.4755611
1.0,9743.0,1551359877.4928803
1.0,9744.0,1551359877.509601
1.0,9745.0,1551359877.5270042
1.0,9747.0,1551359877.5536175
1.0,9755.0,1551359877.6778963
1.0,9768.0,1551359877.891161
1.0,9774.0,1551359877.9664252
1.0,9781.0,1551359878.0449584
1.0,9783.0,1551359878.0663955
1.0,9784.0,1551359878.0788815
1.0,9785.0,1551359878.0907888
1.0,9790.0,1551359878.1478817
1.0,9792.0,1551359878.173238
1.0,9797.0,1551359878.2252958
2.0,9800.0,1551359878.264841
2.0,9807.0,1551359878.3430057
2.0,9810.0,1551359878.374778
1.0,9816.0,1551359878.445262
2.0,9817.0,1551359878.4577384
1.0,9818.0,1551359878.4717062
1.0,9820.0,1551359878.4981868
1.0,9825.0,1551359878.5717263
1.0,9829.0,1551359878.6248627
2.0,9832.0,1551359878.6647084
1.0,9844.0,1551359878.8130019
1.0,9859.0,1551359878.9359875
1.0,9860.0,1551359878.9478912
1.0,9864.0,1551359878.9811919
1.0,9865.0,1551359878.9902616
1.0,9866.0,1551359878.9979072
2.0,9868.0,1551359879.0213852
1.0,9870.0,1551359879.0420728
1.0,9871.0,1551359879.053207
2.0,9872.0,1551359879.0614288
1.0,9874.0,1551359879.0811336
1.0,9884.0,1551359879.1841166
1.0,9885.0,1551359879.1986833
1.0,9889.0,1551359879.2618296
1.0,9893.0,1551359879.327334
1.0,9896.0,1551359879.3784034
1.0,9898.0,1551359879.4122727
1.0,9900.0,1551359879.445912
1.0,9909.0,1551359879.5749269
1.0,9912.0,1551359879.616543
1.0,9913.0,1551359879.6313972
1.0,9917.0,1551359879.6870131
1.0,9918.0,1551359879.7053053
1.0,9921.0,1551359879.7467246
1.0,9923.0,1551359879.7751184
1.0,9924.0,1551359879.7913773
1.0,9933.0,1551359879.9336228
1.0,9937.0,1551359879.985696
1.0,9942.0,1551359880.0648656
1.0,9951.0,1551359880.2117853
1.0,9958.0,1551359880.3375058
1.0,9962.0,1551359880.3963695
1.0,9963.0,1551359880.4100635
1.0,9967.0,1551359880.4600601
1.0,9968.0,1551359880.4755876
2.0,9973.0,1551359880.5482695
1.0,9975.0,1551359880.582182
1.0,9985.0,1551359880.7407246
1.0,9989.0,1551359880.794084
1.0,9990.0,1551359880.8071404
1.0,9991.0,1551359880.8193254
1.0,9992.0,1551359880.8304462
2.0,9993.0,1551359880.8416026
1.0,9994.0,1551359880.855243
1.0,9995.0,1551359880.8668547
2.0,9996.0,1551359880.8773677
1.0,9997.0,1551359880.8927562
1.0,9998.0,1551359880.9082644
1.0,9999.0,1551359880.9246998
1.0,10000.0,1551359880.942392
